"epoch","total cpu usage",,,,,,"cpu0 usage",,,,,,"cpu1 usage",,,,,,"cpu2 usage",,,,,,"cpu3 usage",,,,,,"cpu4 usage",,,,,,"cpu5 usage",,,,,,"cpu6 usage",,,,,,"cpu7 usage",,,,,,"memory usage",,,,"dsk/sda",,"sda","dsk/sda",
"epoch","usr","sys","idl","wai","hiq","siq","usr","sys","idl","wai","hiq","siq","usr","sys","idl","wai","hiq","siq","usr","sys","idl","wai","hiq","siq","usr","sys","idl","wai","hiq","siq","usr","sys","idl","wai","hiq","siq","usr","sys","idl","wai","hiq","siq","usr","sys","idl","wai","hiq","siq","usr","sys","idl","wai","hiq","siq","ps","ps_mem","cach","free","read","writ","util","reads","writs"
1519587049.456,4.349,2.730,92.387,0.529,0.0,0.005,4.006,2.524,92.912,0.553,0.0,0.005,4.543,2.647,92.299,0.505,0.0,0.005,3.730,2.414,93.274,0.577,0.0,0.004,4.112,2.542,92.816,0.525,0.0,0.005,4.872,3.239,91.391,0.494,0.0,0.005,4.458,2.684,92.342,0.512,0.0,0.004,4.371,2.816,92.269,0.540,0.0,0.004,4.702,2.975,91.793,0.525,0.0,0.005,0.0,0.0,596099072.0,48993656832.0,143059.423,170350.336,3.934,3.672,6.596
1519587051.549,1.075,1.135,74.074,23.716,0.0,0.0,0.957,0.957,84.211,13.876,0.0,0.0,0.0,0.481,99.519,0.0,0.0,0.0,0.0,0.962,72.115,26.923,0.0,0.0,0.478,0.478,97.129,1.914,0.0,0.0,5.714,1.905,41.905,50.476,0.0,0.0,0.478,0.957,35.885,62.679,0.0,0.0,0.0,1.435,88.995,9.569,0.0,0.0,0.481,0.962,75.0,23.558,0.0,0.0,0.0,0.0,601604096.0,48981725184.0,385024.0,253952.0,25.600,13.0,13.0
1519587052.456,2.348,2.486,79.282,15.884,0.0,0.0,0.0,1.111,88.889,10.0,0.0,0.0,0.0,0.0,98.889,1.111,0.0,0.0,0.0,2.198,75.824,21.978,0.0,0.0,0.0,1.124,92.135,6.742,0.0,0.0,0.0,3.297,87.912,8.791,0.0,0.0,14.286,5.495,43.956,36.264,0.0,0.0,1.099,4.396,91.209,3.297,0.0,0.0,2.174,2.174,56.522,39.130,0.0,0.0,0.0,0.0,603881472.0,48970010624.0,4087808.0,81920.0,77.600,358.0,9.0
1519587053.456,4.689,14.449,72.877,7.858,0.0,0.127,5.0,15.0,69.0,11.0,0.0,0.0,3.125,14.583,76.042,6.250,0.0,0.0,2.083,14.583,80.208,3.125,0.0,0.0,14.141,14.141,71.717,0.0,0.0,0.0,3.0,11.0,77.0,9.0,0.0,0.0,5.882,12.745,60.784,20.588,0.0,0.0,2.105,17.895,73.684,6.316,0.0,0.0,2.913,16.505,74.757,5.825,0.0,0.0,0.0,0.0,605200384.0,48969457664.0,2412544.0,61440.0,42.0,114.0,6.0
1519587054.456,10.487,2.122,83.521,3.745,0.0,0.125,0.0,2.0,93.0,5.0,0.0,0.0,66.337,1.980,22.772,8.911,0.0,0.0,1.980,3.960,94.059,0.0,0.0,0.0,0.0,1.010,97.980,1.010,0.0,0.0,1.010,3.030,92.929,3.030,0.0,0.0,11.111,2.020,86.869,0.0,0.0,0.0,1.961,3.922,81.373,11.765,0.0,0.980,1.020,0.0,98.980,0.0,0.0,0.0,13635584.0,15512064.0,609935360.0,48966877184.0,9166848.0,98304.0,18.800,73.0,6.0
1519587055.456,1.763,2.267,85.642,10.327,0.0,0.0,11.0,2.0,87.0,0.0,0.0,0.0,0.0,0.0,100.0,0.0,0.0,0.0,0.0,1.0,99.0,0.0,0.0,0.0,0.990,0.990,98.020,0.0,0.0,0.0,0.0,3.960,85.149,10.891,0.0,0.0,1.031,3.093,45.361,50.515,0.0,0.0,1.0,1.0,98.0,0.0,0.0,0.0,1.020,5.102,71.429,22.449,0.0,0.0,81633280.0,80009728.0,677036032.0,48833900544.0,63307776.0,180224.0,100.800,486.0,7.0
1519587056.456,2.003,2.128,79.099,16.771,0.0,0.0,0.990,1.980,78.218,18.812,0.0,0.0,1.0,1.0,92.0,6.0,0.0,0.0,12.0,2.0,69.0,17.0,0.0,0.0,0.0,0.0,100.0,0.0,0.0,0.0,1.010,2.020,96.970,0.0,0.0,0.0,0.0,5.051,46.465,48.485,0.0,0.0,0.0,1.0,99.0,0.0,0.0,0.0,1.0,4.0,51.0,44.0,0.0,0.0,127860736.0,128152064.0,724254720.0,48739160064.0,48377856.0,311296.0,99.600,372.0,48.0
1519587057.456,10.388,1.877,78.348,9.387,0.0,0.0,0.0,0.0,100.0,0.0,0.0,0.0,1.0,2.0,78.0,19.0,0.0,0.0,0.0,4.0,69.0,27.0,0.0,0.0,1.0,1.0,98.0,0.0,0.0,0.0,11.0,3.0,86.0,0.0,0.0,0.0,0.0,1.0,96.0,3.0,0.0,0.0,70.707,2.020,10.101,17.172,0.0,0.0,0.0,2.020,89.899,8.081,0.0,0.0,158175232.0,153899520.0,738668544.0,48701669376.0,28672.0,2392064.0,33.600,3.0,23.0
1519587058.456,14.643,2.503,82.353,0.501,0.0,0.0,2.0,3.0,95.0,0.0,0.0,0.0,1.0,3.0,94.0,2.0,0.0,0.0,2.0,2.0,96.0,0.0,0.0,0.0,11.111,5.051,80.808,3.030,0.0,0.0,0.980,0.980,98.039,0.0,0.0,0.0,0.0,1.010,98.990,0.0,0.0,0.0,97.0,3.0,0.0,0.0,0.0,0.0,2.0,2.0,96.0,0.0,0.0,0.0,188182528.0,199250432.0,762265600.0,48673570816.0,4096.0,90112.0,4.400,1.0,7.0
1519587059.456,14.018,1.627,83.354,1.001,0.0,0.0,1.0,2.0,97.0,0.0,0.0,0.0,11.111,3.030,85.859,0.0,0.0,0.0,0.0,0.0,100.0,0.0,0.0,0.0,1.0,1.0,91.0,7.0,0.0,0.0,0.0,0.0,100.0,0.0,0.0,0.0,1.010,2.020,96.970,0.0,0.0,0.0,96.040,2.970,0.990,0.0,0.0,0.0,0.990,1.980,97.030,0.0,0.0,0.0,213053440.0,207458816.0,783749120.0,48645287936.0,0.0,245760.0,15.600,0.0,17.0
1519587060.456,9.649,1.378,86.216,2.757,0.0,0.0,1.0,0.0,95.0,4.0,0.0,0.0,1.0,1.0,96.0,2.0,0.0,0.0,0.980,1.961,82.353,14.706,0.0,0.0,12.0,3.0,85.0,0.0,0.0,0.0,0.0,0.0,100.0,0.0,0.0,0.0,1.980,1.980,94.059,1.980,0.0,0.0,61.616,2.020,36.364,0.0,0.0,0.0,0.0,1.010,98.990,0.0,0.0,0.0,234409984.0,228766208.0,791764992.0,48624209920.0,12288.0,114688.0,13.600,3.0,17.0
1519587061.456,2.010,1.005,96.985,0.0,0.0,0.0,1.0,0.0,99.0,0.0,0.0,0.0,1.0,0.0,99.0,0.0,0.0,0.0,1.010,1.010,97.980,0.0,0.0,0.0,11.111,3.030,85.859,0.0,0.0,0.0,0.0,0.0,100.0,0.0,0.0,0.0,0.0,1.0,99.0,0.0,0.0,0.0,1.0,2.0,97.0,0.0,0.0,0.0,1.0,1.0,98.0,0.0,0.0,0.0,234409984.0,228770304.0,791764992.0,48624685056.0,0.0,204800.0,8.0,0.0,11.0
1519587062.456,2.013,1.258,91.950,4.780,0.0,0.0,0.0,1.010,87.879,11.111,0.0,0.0,0.0,0.990,78.218,19.802,0.0,0.990,12.121,2.020,81.818,4.040,0.0,0.0,0.0,2.020,97.980,0.0,0.0,0.0,0.0,3.030,96.970,0.0,0.0,0.0,1.0,1.0,98.0,0.0,0.0,0.0,2.0,0.0,98.0,0.0,0.0,0.0,1.010,0.0,95.960,3.030,0.0,0.0,234409984.0,228806144.0,792154112.0,48623128576.0,651264.0,77824.0,33.200,97.0,12.0
1519587063.456,1.889,2.393,92.191,3.526,0.0,0.0,9.091,5.051,85.859,0.0,0.0,0.0,1.010,3.030,89.899,6.061,0.0,0.0,0.0,0.0,96.970,3.030,0.0,0.0,0.971,3.883,93.204,1.942,0.0,0.0,2.0,2.0,94.0,2.0,0.0,0.0,1.020,3.061,89.796,6.122,0.0,0.0,0.0,2.041,88.776,9.184,0.0,0.0,1.020,1.020,97.959,0.0,0.0,0.0,234409984.0,228808192.0,792465408.0,48621318144.0,421888.0,61440.0,24.400,51.0,7.0
1519587064.456,2.008,1.129,95.734,1.129,0.0,0.0,0.990,1.980,92.079,4.950,0.0,0.0,0.0,0.0,100.0,0.0,0.0,0.0,1.0,1.0,95.0,3.0,0.0,0.0,11.0,3.0,86.0,0.0,0.0,0.0,1.010,0.0,98.990,0.0,0.0,0.0,0.0,1.010,98.990,0.0,0.0,0.0,1.020,1.020,97.959,0.0,0.0,0.0,1.010,0.0,98.990,0.0,0.0,0.0,234409984.0,228824576.0,792469504.0,48620732416.0,0.0,229376.0,16.400,0.0,17.0
1519587065.456,2.253,1.126,94.493,2.128,0.0,0.0,0.0,0.0,89.899,10.101,0.0,0.0,0.0,2.0,98.0,0.0,0.0,0.0,1.010,1.010,90.909,7.071,0.0,0.0,0.0,1.020,98.980,0.0,0.0,0.0,2.941,0.980,96.078,0.0,0.0,0.0,0.0,1.0,99.0,0.0,0.0,0.0,13.0,1.0,86.0,0.0,0.0,0.0,0.0,1.010,98.990,0.0,0.0,0.0,234409984.0,228816384.0,792518656.0,48621494272.0,0.0,77824.0,10.800,0.0,12.0
1519587066.456,2.757,1.253,95.865,0.125,0.0,0.0,0.0,1.0,98.0,1.0,0.0,0.0,1.0,2.0,97.0,0.0,0.0,0.0,0.980,0.980,97.059,0.980,0.0,0.0,1.980,0.990,97.030,0.0,0.0,0.0,6.122,0.0,93.878,0.0,0.0,0.0,1.0,1.0,98.0,0.0,0.0,0.0,0.0,0.990,99.010,0.0,0.0,0.0,12.0,4.0,84.0,0.0,0.0,0.0,235220992.0,231884288.0,792850432.0,48620752896.0,0.0,110592.0,10.0,0.0,10.0
1519587067.456,14.286,1.378,83.208,1.128,0.0,0.0,1.0,2.0,93.0,4.0,0.0,0.0,0.0,0.0,100.0,0.0,0.0,0.0,2.0,3.0,91.0,4.0,0.0,0.0,0.0,0.0,100.0,0.0,0.0,0.0,99.0,1.0,0.0,0.0,0.0,0.0,11.111,4.040,84.848,0.0,0.0,0.0,0.0,0.0,100.0,0.0,0.0,0.0,1.0,1.0,98.0,0.0,0.0,0.0,244142080.0,239404544.0,797229056.0,48611160064.0,0.0,16384.0,0.0,0.0,4.0
1519587068.456,14.750,1.375,83.375,0.500,0.0,0.0,1.0,1.0,97.0,1.0,0.0,0.0,0.0,2.020,97.980,0.0,0.0,0.0,13.0,3.0,84.0,0.0,0.0,0.0,3.0,0.0,94.0,3.0,0.0,0.0,99.0,1.0,0.0,0.0,0.0,0.0,0.0,1.010,98.990,0.0,0.0,0.0,0.0,0.0,100.0,0.0,0.0,0.0,1.010,2.020,96.970,0.0,0.0,0.0,254414848.0,248770048.0,797888512.0,48601812992.0,8192.0,69632.0,4.0,1.0,7.0
1519587069.456,14.340,1.761,83.774,0.126,0.0,0.0,12.0,6.0,82.0,0.0,0.0,0.0,0.0,1.0,99.0,0.0,0.0,0.0,1.010,1.010,96.970,1.010,0.0,0.0,1.0,4.0,95.0,0.0,0.0,0.0,100.0,0.0,0.0,0.0,0.0,0.0,0.0,3.0,97.0,0.0,0.0,0.0,0.0,1.0,99.0,0.0,0.0,0.0,0.0,0.0,100.0,0.0,0.0,0.0,254414848.0,249005568.0,798142464.0,48600653824.0,0.0,184320.0,8.0,0.0,11.0
1519587070.456,14.393,1.377,82.979,1.252,0.0,0.0,13.0,5.0,82.0,0.0,0.0,0.0,0.0,1.0,99.0,0.0,0.0,0.0,0.0,1.010,98.990,0.0,0.0,0.0,0.0,1.010,89.899,9.091,0.0,0.0,100.0,0.0,0.0,0.0,0.0,0.0,1.0,2.0,97.0,0.0,0.0,0.0,0.0,0.0,100.0,0.0,0.0,0.0,0.0,0.0,100.0,0.0,0.0,0.0,256577536.0,251618816.0,798154752.0,48598327296.0,8192.0,94208.0,10.0,2.0,12.0
1519587071.456,14.662,1.128,83.333,0.877,0.0,0.0,1.010,2.020,96.970,0.0,0.0,0.0,3.0,1.0,92.0,4.0,0.0,0.0,1.980,1.980,96.040,0.0,0.0,0.0,1.0,0.0,95.0,4.0,0.0,0.0,100.0,0.0,0.0,0.0,0.0,0.0,12.0,2.0,86.0,0.0,0.0,0.0,0.0,0.0,100.0,0.0,0.0,0.0,0.0,1.0,99.0,0.0,0.0,0.0,258740224.0,253303296.0,798265344.0,48596303872.0,0.0,61440.0,0.400,0.0,5.0
1519587072.456,14.357,1.498,83.021,1.124,0.0,0.0,1.0,2.0,97.0,0.0,0.0,0.0,11.0,4.0,81.0,4.0,0.0,0.0,0.0,2.020,97.980,0.0,0.0,0.0,1.980,1.980,92.079,3.960,0.0,0.0,100.0,0.0,0.0,0.0,0.0,0.0,0.0,0.0,98.990,1.010,0.0,0.0,0.0,0.0,100.0,0.0,0.0,0.0,0.0,1.0,99.0,0.0,0.0,0.0,260091904.0,254833152.0,798269440.0,48593891328.0,0.0,253952.0,8.400,0.0,44.0
1519587073.456,14.518,1.502,83.605,0.375,0.0,0.0,0.0,1.980,98.020,0.0,0.0,0.0,11.881,2.970,85.149,0.0,0.0,0.0,1.010,3.030,92.929,3.030,0.0,0.0,0.0,1.010,98.990,0.0,0.0,0.0,100.0,0.0,0.0,0.0,0.0,0.0,1.961,0.980,97.059,0.0,0.0,0.0,0.0,0.0,100.0,0.0,0.0,0.0,1.0,3.0,96.0,0.0,0.0,0.0,261443584.0,256246272.0,798269440.0,48592748544.0,0.0,94208.0,3.200,0.0,7.0
1519587074.456,14.322,1.759,83.920,0.0,0.0,0.0,1.010,3.030,95.960,0.0,0.0,0.0,10.0,4.0,86.0,0.0,0.0,0.0,1.0,4.0,95.0,0.0,0.0,0.0,1.0,1.0,98.0,0.0,0.0,0.0,100.0,0.0,0.0,0.0,0.0,0.0,0.0,0.0,100.0,0.0,0.0,0.0,0.0,0.0,100.0,0.0,0.0,0.0,0.0,3.030,96.970,0.0,0.0,0.0,263606272.0,258081280.0,798269440.0,48591474688.0,0.0,180224.0,8.0,0.0,11.0
1519587075.456,14.411,1.128,82.581,1.880,0.0,0.0,0.990,0.0,94.059,4.950,0.0,0.0,0.0,1.010,94.949,4.040,0.0,0.0,12.0,4.0,84.0,0.0,0.0,0.0,1.980,0.0,94.059,3.960,0.0,0.0,100.0,0.0,0.0,0.0,0.0,0.0,0.0,0.0,100.0,0.0,0.0,0.0,0.0,0.0,96.0,4.0,0.0,0.0,1.0,3.0,96.0,0.0,0.0,0.0,264146944.0,258679296.0,798302208.0,48590049280.0,0.0,73728.0,8.0,0.0,12.0
1519587076.456,14.268,1.377,83.354,0.876,0.0,0.125,1.0,1.0,98.0,0.0,0.0,0.0,1.0,1.0,95.0,3.0,0.0,0.0,1.0,3.0,96.0,0.0,0.0,0.0,2.970,1.980,92.079,2.970,0.0,0.0,98.990,1.010,0.0,0.0,0.0,0.0,11.0,3.0,86.0,0.0,0.0,0.0,0.0,1.0,99.0,0.0,0.0,0.0,0.0,0.0,100.0,0.0,0.0,0.0,264957952.0,259617280.0,798302208.0,48588746752.0,0.0,77824.0,6.800,0.0,10.0
1519587077.456,14.662,1.003,84.336,0.0,0.0,0.0,12.121,3.030,84.848,0.0,0.0,0.0,1.0,2.0,97.0,0.0,0.0,0.0,1.0,3.0,96.0,0.0,0.0,0.0,0.0,0.0,100.0,0.0,0.0,0.0,100.0,0.0,0.0,0.0,0.0,0.0,0.0,0.0,100.0,0.0,0.0,0.0,0.990,0.0,99.010,0.0,0.0,0.0,1.0,0.0,99.0,0.0,0.0,0.0,265228288.0,261521920.0,798371840.0,48589287424.0,0.0,16384.0,0.0,0.0,4.0
1519587078.456,14.268,1.752,83.354,0.626,0.0,0.0,0.0,2.020,97.980,0.0,0.0,0.0,1.980,0.990,92.079,4.950,0.0,0.0,0.0,3.0,97.0,0.0,0.0,0.0,1.980,0.990,97.030,0.0,0.0,0.0,100.0,0.0,0.0,0.0,0.0,0.0,1.0,1.0,98.0,0.0,0.0,0.0,0.0,1.010,98.990,0.0,0.0,0.0,10.0,6.0,84.0,0.0,0.0,0.0,267390976.0,261812736.0,798367744.0,48587128832.0,0.0,77824.0,5.200,0.0,7.0
1519587079.456,14.555,1.882,83.563,0.0,0.0,0.0,1.0,3.0,96.0,0.0,0.0,0.0,2.020,1.010,96.970,0.0,0.0,0.0,0.0,2.020,97.980,0.0,0.0,0.0,0.0,1.0,99.0,0.0,0.0,0.0,100.0,0.0,0.0,0.0,0.0,0.0,11.881,6.931,81.188,0.0,0.0,0.0,0.0,0.0,100.0,0.0,0.0,0.0,0.0,0.0,100.0,0.0,0.0,0.0,267390976.0,261857792.0,798375936.0,48587128832.0,0.0,147456.0,8.400,0.0,8.0
1519587080.456,14.393,1.377,81.852,2.378,0.0,0.0,11.224,3.061,85.714,0.0,0.0,0.0,1.980,0.990,85.149,11.881,0.0,0.0,0.990,2.970,95.050,0.990,0.0,0.0,0.0,1.010,92.929,6.061,0.0,0.0,99.010,0.990,0.0,0.0,0.0,0.0,0.0,0.0,100.0,0.0,0.0,0.0,0.0,1.010,98.990,0.0,0.0,0.0,1.0,2.0,97.0,0.0,0.0,0.0,269283328.0,263840256.0,798400512.0,48584462336.0,0.0,106496.0,10.0,0.0,15.0
1519587081.456,14.160,1.504,83.459,0.752,0.0,0.125,0.990,2.970,96.040,0.0,0.0,0.0,0.0,0.0,97.959,2.041,0.0,0.0,1.0,2.0,97.0,0.0,0.0,0.0,1.980,1.980,92.079,3.960,0.0,0.0,100.0,0.0,0.0,0.0,0.0,0.0,10.0,4.0,86.0,0.0,0.0,0.0,0.0,0.0,100.0,0.0,0.0,0.0,0.0,1.0,99.0,0.0,0.0,0.0,270630912.0,265943552.0,798412800.0,48583319552.0,0.0,81920.0,7.600,0.0,10.0
1519587082.456,10.401,1.253,88.221,0.125,0.0,0.0,11.881,3.960,84.158,0.0,0.0,0.0,0.0,1.0,99.0,0.0,0.0,0.0,0.0,2.020,97.980,0.0,0.0,0.0,1.0,1.0,98.0,0.0,0.0,0.0,67.677,1.010,31.313,0.0,0.0,0.0,1.0,1.0,98.0,0.0,0.0,0.0,1.0,1.0,98.0,0.0,0.0,0.0,0.0,0.0,98.990,1.010,0.0,0.0,274685952.0,269310464.0,798416896.0,48579129344.0,0.0,24576.0,0.0,0.0,6.0
1519587083.456,4.511,1.378,93.484,0.627,0.0,0.0,1.010,1.010,97.980,0.0,0.0,0.0,1.0,0.0,94.0,5.0,0.0,0.0,12.0,7.0,81.0,0.0,0.0,0.0,0.990,0.990,98.020,0.0,0.0,0.0,20.0,1.0,79.0,0.0,0.0,0.0,0.0,0.0,100.0,0.0,0.0,0.0,1.010,0.0,98.990,0.0,0.0,0.0,0.0,1.0,99.0,0.0,0.0,0.0,275496960.0,270107136.0,798420992.0,48578781184.0,0.0,77824.0,4.400,0.0,7.0
1519587084.456,14.787,1.629,83.584,0.0,0.0,0.0,1.0,3.0,96.0,0.0,0.0,0.0,2.0,1.0,97.0,0.0,0.0,0.0,1.020,0.0,98.980,0.0,0.0,0.0,1.0,2.0,97.0,0.0,0.0,0.0,99.010,0.0,0.0,0.0,0.0,0.990,12.121,4.040,83.838,0.0,0.0,0.0,0.0,0.0,100.0,0.0,0.0,0.0,1.0,1.0,98.0,0.0,0.0,0.0,276037632.0,270496256.0,798552064.0,48577384448.0,0.0,159744.0,8.0,0.0,10.0
1519587085.456,3.755,1.252,92.491,2.503,0.0,0.0,1.0,3.0,96.0,0.0,0.0,0.0,1.0,0.0,85.0,14.0,0.0,0.0,0.0,0.990,99.010,0.0,0.0,0.0,10.891,2.970,81.188,4.950,0.0,0.0,15.0,0.0,84.0,1.0,0.0,0.0,1.0,0.0,99.0,0.0,0.0,0.0,0.0,1.010,98.990,0.0,0.0,0.0,1.0,3.0,96.0,0.0,0.0,0.0,276037632.0,270496256.0,798588928.0,48577765376.0,0.0,122880.0,10.0,0.0,15.0
1519587086.456,2.753,1.001,95.369,0.876,0.0,0.0,0.0,1.0,99.0,0.0,0.0,0.0,1.0,1.0,95.0,3.0,0.0,0.0,13.0,1.0,86.0,0.0,0.0,0.0,1.010,0.0,94.949,4.040,0.0,0.0,2.0,2.0,96.0,0.0,0.0,0.0,0.0,0.0,100.0,0.0,0.0,0.0,5.0,1.0,94.0,0.0,0.0,0.0,1.010,1.010,97.980,0.0,0.0,0.0,276037632.0,270506496.0,798580736.0,48577257472.0,0.0,86016.0,7.600,0.0,10.0
1519587087.456,2.008,1.255,96.738,0.0,0.0,0.0,1.010,1.010,97.980,0.0,0.0,0.0,0.0,1.010,98.990,0.0,0.0,0.0,11.111,3.030,85.859,0.0,0.0,0.0,0.0,1.0,99.0,0.0,0.0,0.0,1.0,1.0,98.0,0.0,0.0,0.0,0.0,0.990,98.020,0.990,0.0,0.0,2.0,2.0,96.0,0.0,0.0,0.0,0.0,0.0,100.0,0.0,0.0,0.0,276037632.0,270504448.0,798588928.0,48577511424.0,0.0,106496.0,0.800,0.0,23.0
1519587088.456,2.256,1.754,95.614,0.376,0.0,0.0,0.990,1.980,97.030,0.0,0.0,0.0,1.0,3.0,93.0,3.0,0.0,0.0,0.990,2.970,96.040,0.0,0.0,0.0,10.891,4.950,84.158,0.0,0.0,0.0,0.0,1.010,98.990,0.0,0.0,0.0,0.0,0.0,100.0,0.0,0.0,0.0,4.0,0.0,96.0,0.0,0.0,0.0,1.0,1.0,98.0,0.0,0.0,0.0,276037632.0,270496256.0,798580736.0,48576876544.0,0.0,94208.0,3.200,0.0,7.0
1519587089.456,4.266,1.631,94.103,0.0,0.0,0.0,1.0,1.0,98.0,0.0,0.0,0.0,1.010,2.020,96.970,0.0,0.0,0.0,0.0,0.0,100.0,0.0,0.0,0.0,1.0,1.0,98.0,0.0,0.0,0.0,18.812,2.970,78.218,0.0,0.0,0.0,0.0,1.0,99.0,0.0,0.0,0.0,0.0,2.041,97.959,0.0,0.0,0.0,11.111,2.020,86.869,0.0,0.0,0.0,276037632.0,270496256.0,798588928.0,48577384448.0,0.0,180224.0,7.200,0.0,11.0
1519587090.456,2.250,1.375,94.375,2.0,0.0,0.0,0.990,0.990,98.020,0.0,0.0,0.0,1.980,0.990,87.129,9.901,0.0,0.0,1.0,1.0,98.0,0.0,0.0,0.0,0.0,1.0,93.0,6.0,0.0,0.0,1.010,2.020,96.970,0.0,0.0,0.0,0.0,1.0,99.0,0.0,0.0,0.0,2.020,2.020,95.960,0.0,0.0,0.0,11.881,2.970,85.149,0.0,0.0,0.0,276037632.0,270496256.0,798613504.0,48577130496.0,0.0,77824.0,8.800,0.0,12.0
1519587091.456,2.250,1.375,95.500,0.875,0.0,0.0,0.0,1.020,98.980,0.0,0.0,0.0,12.0,2.0,83.0,3.0,0.0,0.0,0.0,0.990,99.010,0.0,0.0,0.0,1.0,2.0,94.0,3.0,0.0,0.0,1.010,1.010,97.980,0.0,0.0,0.0,1.0,1.0,98.0,0.0,0.0,0.0,1.0,0.0,99.0,0.0,0.0,0.0,2.0,1.0,97.0,0.0,0.0,0.0,276037632.0,270502400.0,798621696.0,48577130496.0,0.0,86016.0,6.800,0.0,10.0
1519587092.456,2.757,1.378,95.865,0.0,0.0,0.0,11.111,2.020,86.869,0.0,0.0,0.0,1.010,1.010,97.980,0.0,0.0,0.0,0.0,0.0,100.0,0.0,0.0,0.0,1.010,1.010,97.980,0.0,0.0,0.0,1.0,3.0,96.0,0.0,0.0,0.0,1.0,1.0,98.0,0.0,0.0,0.0,5.0,2.0,93.0,0.0,0.0,0.0,1.0,2.0,97.0,0.0,0.0,0.0,276037632.0,270496256.0,798621696.0,48577003520.0,0.0,16384.0,0.0,0.0,4.0
1519587093.456,2.381,1.378,95.739,0.501,0.0,0.0,11.881,2.970,85.149,0.0,0.0,0.0,0.990,1.980,93.069,3.960,0.0,0.0,0.990,0.990,98.020,0.0,0.0,0.0,2.020,2.020,95.960,0.0,0.0,0.0,1.0,2.0,97.0,0.0,0.0,0.0,0.0,0.0,100.0,0.0,0.0,0.0,2.020,1.010,96.970,0.0,0.0,0.0,0.0,0.0,100.0,0.0,0.0,0.0,276037632.0,270502400.0,798625792.0,48576622592.0,0.0,65536.0,3.600,0.0,7.0
1519587094.456,2.005,1.629,95.739,0.501,0.0,0.125,0.0,1.010,98.990,0.0,0.0,0.0,0.0,1.0,99.0,0.0,0.0,0.0,1.0,2.0,97.0,0.0,0.0,0.0,10.891,4.950,80.198,3.960,0.0,0.0,2.0,2.0,96.0,0.0,0.0,0.0,1.010,0.0,98.990,0.0,0.0,0.0,0.990,2.970,95.050,0.0,0.0,0.990,0.0,0.0,100.0,0.0,0.0,0.0,276037632.0,270469632.0,798629888.0,48576368640.0,151552.0,151552.0,12.400,37.0,8.0
1519587095.456,2.506,1.629,93.609,2.256,0.0,0.0,2.0,2.0,96.0,0.0,0.0,0.0,2.0,1.0,85.0,12.0,0.0,0.0,0.0,4.040,95.960,0.0,0.0,0.0,12.121,2.020,79.798,6.061,0.0,0.0,2.0,1.0,97.0,0.0,0.0,0.0,0.0,0.0,100.0,0.0,0.0,0.0,1.010,2.020,96.970,0.0,0.0,0.0,0.0,0.0,100.0,0.0,0.0,0.0,276037632.0,270496256.0,798666752.0,48575860736.0,0.0,110592.0,10.0,0.0,15.0
1519587096.456,1.631,1.882,95.609,0.878,0.0,0.0,0.0,2.020,97.980,0.0,0.0,0.0,10.0,4.0,83.0,3.0,0.0,0.0,1.0,3.0,96.0,0.0,0.0,0.0,0.0,1.0,95.0,4.0,0.0,0.0,2.0,2.0,96.0,0.0,0.0,0.0,0.0,1.980,98.020,0.0,0.0,0.0,0.0,1.010,98.990,0.0,0.0,0.0,0.0,1.010,98.990,0.0,0.0,0.0,276037632.0,270502400.0,798658560.0,48576749568.0,0.0,77824.0,6.400,0.0,10.0
1519587097.456,2.130,1.128,96.742,0.0,0.0,0.0,2.0,2.0,96.0,0.0,0.0,0.0,1.0,0.0,99.0,0.0,0.0,0.0,0.0,0.990,99.010,0.0,0.0,0.0,11.111,3.030,85.859,0.0,0.0,0.0,3.0,1.0,96.0,0.0,0.0,0.0,1.010,0.0,98.990,0.0,0.0,0.0,0.0,1.0,99.0,0.0,0.0,0.0,0.990,0.990,98.020,0.0,0.0,0.0,276037632.0,270496256.0,798666752.0,48576622592.0,0.0,16384.0,0.0,0.0,4.0
1519587098.456,2.133,1.757,95.483,0.502,0.0,0.125,0.0,0.0,100.0,0.0,0.0,0.0,1.010,1.010,93.939,4.040,0.0,0.0,11.224,3.061,85.714,0.0,0.0,0.0,3.0,4.0,93.0,0.0,0.0,0.0,0.0,1.980,98.020,0.0,0.0,0.0,0.0,1.980,98.020,0.0,0.0,0.0,1.010,1.010,97.980,0.0,0.0,0.0,0.0,1.0,98.0,1.0,0.0,0.0,276037632.0,270496256.0,798666752.0,48576749568.0,0.0,73728.0,4.800,0.0,7.0
1519587099.456,2.247,1.373,96.380,0.0,0.0,0.0,11.0,3.0,86.0,0.0,0.0,0.0,2.0,0.0,98.0,0.0,0.0,0.0,1.980,2.970,95.050,0.0,0.0,0.0,0.0,0.0,100.0,0.0,0.0,0.0,0.0,1.010,98.990,0.0,0.0,0.0,2.0,0.0,98.0,0.0,0.0,0.0,1.0,1.0,98.0,0.0,0.0,0.0,0.990,0.990,98.020,0.0,0.0,0.0,276037632.0,270496256.0,798666752.0,48577511424.0,0.0,180224.0,8.0,0.0,12.0
1519587100.456,2.879,1.752,93.617,1.752,0.0,0.0,1.010,1.010,97.980,0.0,0.0,0.0,1.020,1.020,90.816,7.143,0.0,0.0,2.0,2.0,96.0,0.0,0.0,0.0,5.941,0.990,88.119,4.950,0.0,0.0,0.0,0.0,100.0,0.0,0.0,0.0,0.0,1.020,98.980,0.0,0.0,0.0,0.0,1.0,99.0,0.0,0.0,0.0,12.745,7.843,79.412,0.0,0.0,0.0,276037632.0,270561792.0,798699520.0,48576622592.0,0.0,90112.0,11.600,0.0,11.0
1519587101.456,2.010,1.508,95.603,0.879,0.0,0.0,0.0,1.0,99.0,0.0,0.0,0.0,0.0,1.010,98.990,0.0,0.0,0.0,0.0,0.0,100.0,0.0,0.0,0.0,3.030,1.010,89.899,6.061,0.0,0.0,11.0,4.0,85.0,0.0,0.0,0.0,1.961,2.941,95.098,0.0,0.0,0.0,0.0,1.0,99.0,0.0,0.0,0.0,0.0,1.031,97.938,1.031,0.0,0.0,276037632.0,270563840.0,798703616.0,48577744896.0,0.0,90112.0,8.400,0.0,10.0
1519587102.456,2.253,1.502,95.244,1.001,0.0,0.0,0.0,1.010,98.990,0.0,0.0,0.0,0.0,2.970,93.069,3.960,0.0,0.0,0.0,0.0,100.0,0.0,0.0,0.0,5.102,0.0,91.837,3.061,0.0,0.0,10.891,3.960,85.149,0.0,0.0,0.0,1.0,1.0,98.0,0.0,0.0,0.0,0.0,0.990,99.010,0.0,0.0,0.0,0.990,1.980,96.040,0.990,0.0,0.0,276037632.0,270563840.0,798699520.0,48578527232.0,0.0,16384.0,0.0,0.0,4.0
1519587103.456,3.015,1.256,95.352,0.377,0.0,0.0,1.010,2.020,96.970,0.0,0.0,0.0,1.010,0.0,94.949,4.040,0.0,0.0,11.881,1.980,86.139,0.0,0.0,0.0,8.163,0.0,91.837,0.0,0.0,0.0,0.0,2.020,97.980,0.0,0.0,0.0,1.0,0.0,99.0,0.0,0.0,0.0,0.0,1.0,99.0,0.0,0.0,0.0,0.0,3.0,97.0,0.0,0.0,0.0,276037632.0,270563840.0,798695424.0,48578478080.0,0.0,61440.0,3.200,0.0,7.0
1519587104.456,4.020,1.508,94.472,0.0,0.0,0.0,0.0,1.0,99.0,0.0,0.0,0.0,0.0,0.0,100.0,0.0,0.0,0.0,10.101,3.030,86.869,0.0,0.0,0.0,16.832,0.990,82.178,0.0,0.0,0.0,2.020,2.020,95.960,0.0,0.0,0.0,0.0,2.020,97.980,0.0,0.0,0.0,3.030,2.020,94.949,0.0,0.0,0.0,0.0,0.0,100.0,0.0,0.0,0.0,276037632.0,270563840.0,798703616.0,48578019328.0,0.0,147456.0,8.400,0.0,12.0
1519587105.456,2.381,1.880,94.361,1.378,0.0,0.0,11.0,3.0,86.0,0.0,0.0,0.0,0.0,1.980,90.099,7.921,0.0,0.0,2.0,2.0,96.0,0.0,0.0,0.0,0.0,0.0,96.970,3.030,0.0,0.0,2.020,2.020,95.960,0.0,0.0,0.0,1.0,2.0,97.0,0.0,0.0,0.0,2.970,4.950,92.079,0.0,0.0,0.0,0.0,1.010,98.990,0.0,0.0,0.0,276037632.0,270563840.0,798736384.0,48578605056.0,0.0,106496.0,7.200,0.0,9.0
1519587106.456,2.384,1.129,95.358,1.129,0.0,0.0,1.0,2.0,97.0,0.0,0.0,0.0,1.020,1.020,93.878,4.082,0.0,0.0,0.0,1.0,99.0,0.0,0.0,0.0,0.0,0.0,95.960,4.040,0.0,0.0,2.0,0.0,98.0,0.0,0.0,0.0,1.0,2.0,97.0,0.0,0.0,0.0,3.0,1.0,96.0,0.0,0.0,0.0,12.0,2.0,86.0,0.0,0.0,0.0,276037632.0,270564864.0,798736384.0,48577384448.0,0.0,24576.0,4.0,0.0,6.0
1519587107.456,1.882,1.631,95.609,0.878,0.0,0.0,0.0,0.0,100.0,0.0,0.0,0.0,0.0,1.010,94.949,4.040,0.0,0.0,0.0,1.0,99.0,0.0,0.0,0.0,1.010,1.010,94.949,3.030,0.0,0.0,11.0,3.0,86.0,0.0,0.0,0.0,0.0,3.030,96.970,0.0,0.0,0.0,3.030,1.010,95.960,0.0,0.0,0.0,0.0,1.0,99.0,0.0,0.0,0.0,276037632.0,270563840.0,798740480.0,48578273280.0,0.0,77824.0,8.0,0.0,10.0
1519587108.456,2.516,1.006,95.975,0.503,0.0,0.0,1.0,0.0,99.0,0.0,0.0,0.0,12.0,2.0,86.0,0.0,0.0,0.0,1.010,0.0,98.990,0.0,0.0,0.0,1.0,2.0,94.0,3.0,0.0,0.0,2.041,0.0,97.959,0.0,0.0,0.0,0.990,3.960,95.050,0.0,0.0,0.0,1.010,1.010,97.980,0.0,0.0,0.0,0.0,2.0,97.0,1.0,0.0,0.0,276037632.0,270565888.0,798744576.0,48578179072.0,0.0,61440.0,3.600,0.0,7.0
1519587109.456,2.509,1.004,96.487,0.0,0.0,0.0,0.0,1.0,99.0,0.0,0.0,0.0,0.0,0.0,100.0,0.0,0.0,0.0,1.0,3.0,96.0,0.0,0.0,0.0,0.0,0.0,100.0,0.0,0.0,0.0,12.0,2.0,86.0,0.0,0.0,0.0,1.020,0.0,98.980,0.0,0.0,0.0,3.061,0.0,96.939,0.0,0.0,0.0,2.0,0.0,98.0,0.0,0.0,0.0,276037632.0,270563840.0,798744576.0,48577671168.0,0.0,180224.0,7.200,0.0,11.0
1519587110.456,2.753,1.752,93.492,2.003,0.0,0.0,1.0,1.0,98.0,0.0,0.0,0.0,0.990,0.990,91.089,6.931,0.0,0.0,1.010,1.010,97.980,0.0,0.0,0.0,0.0,2.941,87.255,9.804,0.0,0.0,2.0,2.0,96.0,0.0,0.0,0.0,0.0,2.020,97.980,0.0,0.0,0.0,4.0,1.0,95.0,0.0,0.0,0.0,13.861,2.970,83.168,0.0,0.0,0.0,276037632.0,270564864.0,798777344.0,48578306048.0,0.0,77824.0,8.0,0.0,12.0
1519587111.456,2.760,1.255,95.232,0.753,0.0,0.0,0.0,1.010,98.990,0.0,0.0,0.0,0.990,1.980,94.059,2.970,0.0,0.0,11.111,2.020,86.869,0.0,0.0,0.0,1.010,1.010,94.949,3.030,0.0,0.0,8.0,0.0,92.0,0.0,0.0,0.0,1.010,1.010,97.980,0.0,0.0,0.0,1.0,2.0,97.0,0.0,0.0,0.0,0.0,1.0,99.0,0.0,0.0,0.0,276037632.0,270563840.0,798777344.0,48577798144.0,0.0,86016.0,6.800,0.0,10.0
1519587112.456,2.003,1.627,96.370,0.0,0.0,0.0,0.0,0.0,100.0,0.0,0.0,0.0,0.0,1.010,98.990,0.0,0.0,0.0,0.0,2.020,97.980,0.0,0.0,0.0,0.0,1.0,99.0,0.0,0.0,0.0,0.990,2.970,96.040,0.0,0.0,0.0,0.0,3.0,97.0,0.0,0.0,0.0,4.0,0.0,96.0,0.0,0.0,0.0,10.204,2.041,87.755,0.0,0.0,0.0,276037632.0,270563840.0,798777344.0,48578416640.0,0.0,16384.0,0.0,0.0,4.0
1519587113.456,2.509,1.506,95.483,0.502,0.0,0.0,1.0,1.0,98.0,0.0,0.0,0.0,9.901,3.960,82.178,3.960,0.0,0.0,1.0,1.0,98.0,0.0,0.0,0.0,0.990,0.990,98.020,0.0,0.0,0.0,3.030,2.020,94.949,0.0,0.0,0.0,1.0,1.0,98.0,0.0,0.0,0.0,2.020,2.020,95.960,0.0,0.0,0.0,1.0,1.0,98.0,0.0,0.0,0.0,276037632.0,270574080.0,798769152.0,48577765376.0,0.0,61440.0,3.600,0.0,7.0
1519587114.456,2.369,1.372,96.135,0.125,0.0,0.0,0.0,0.0,100.0,0.0,0.0,0.0,2.0,0.0,98.0,0.0,0.0,0.0,0.0,2.020,97.980,0.0,0.0,0.0,0.0,1.0,99.0,0.0,0.0,0.0,0.0,2.020,97.980,0.0,0.0,0.0,0.0,1.0,98.0,1.0,0.0,0.0,4.902,0.980,94.118,0.0,0.0,0.0,12.871,3.960,83.168,0.0,0.0,0.0,276037632.0,270563840.0,798777344.0,48578830336.0,0.0,147456.0,7.600,0.0,8.0
1519587115.456,2.750,1.750,93.0,2.500,0.0,0.0,1.0,2.0,97.0,0.0,0.0,0.0,0.990,1.980,85.149,11.881,0.0,0.0,0.990,1.980,97.030,0.0,0.0,0.0,2.020,3.030,86.869,8.081,0.0,0.0,4.950,0.0,95.050,0.0,0.0,0.0,0.0,0.990,99.010,0.0,0.0,0.0,12.0,3.0,85.0,0.0,0.0,0.0,0.0,2.0,98.0,0.0,0.0,0.0,276037632.0,270572032.0,798810112.0,48577716224.0,0.0,106496.0,12.400,0.0,15.0
1519587116.456,2.256,1.629,95.238,0.877,0.0,0.0,0.0,0.0,100.0,0.0,0.0,0.0,0.0,0.0,96.970,3.030,0.0,0.0,0.0,2.020,97.980,0.0,0.0,0.0,1.010,2.020,92.929,4.040,0.0,0.0,10.0,4.0,86.0,0.0,0.0,0.0,0.0,1.010,98.990,0.0,0.0,0.0,5.0,1.0,94.0,0.0,0.0,0.0,0.990,0.990,98.020,0.0,0.0,0.0,276037632.0,270575104.0,798814208.0,48577974272.0,0.0,90112.0,7.600,0.0,10.0
1519587117.456,2.372,1.373,96.255,0.0,0.0,0.0,0.990,1.980,97.030,0.0,0.0,0.0,1.0,2.0,97.0,0.0,0.0,0.0,1.0,0.0,99.0,0.0,0.0,0.0,0.0,1.0,99.0,0.0,0.0,0.0,5.0,0.0,95.0,0.0,0.0,0.0,0.0,1.980,98.020,0.0,0.0,0.0,10.0,6.0,84.0,0.0,0.0,0.0,1.0,0.0,99.0,0.0,0.0,0.0,276037632.0,270574080.0,798814208.0,48577974272.0,0.0,16384.0,0.0,0.0,4.0
1519587118.456,2.258,1.380,95.609,0.753,0.0,0.0,0.0,0.0,100.0,0.0,0.0,0.0,11.0,2.0,82.0,5.0,0.0,0.0,0.980,1.961,97.059,0.0,0.0,0.0,1.010,1.010,97.980,0.0,0.0,0.0,4.0,2.0,94.0,0.0,0.0,0.0,0.0,0.0,100.0,0.0,0.0,0.0,0.0,1.010,98.990,0.0,0.0,0.0,0.0,2.041,97.959,0.0,0.0,0.0,276037632.0,270563840.0,798826496.0,48578002944.0,0.0,188416.0,4.800,0.0,28.0
1519587119.456,2.008,1.506,96.487,0.0,0.0,0.0,0.0,1.0,99.0,0.0,0.0,0.0,0.990,0.990,98.020,0.0,0.0,0.0,0.0,1.010,98.990,0.0,0.0,0.0,0.0,3.0,97.0,0.0,0.0,0.0,3.0,1.0,96.0,0.0,0.0,0.0,11.0,5.0,84.0,0.0,0.0,0.0,1.010,1.010,97.980,0.0,0.0,0.0,1.010,0.0,98.990,0.0,0.0,0.0,276037632.0,270569984.0,798830592.0,48577847296.0,0.0,172032.0,7.600,0.0,8.0
1519587120.456,2.760,1.004,93.601,2.635,0.0,0.0,1.0,2.0,97.0,0.0,0.0,0.0,0.0,1.010,84.848,14.141,0.0,0.0,1.0,0.0,99.0,0.0,0.0,0.0,1.980,0.990,90.099,6.931,0.0,0.0,6.061,0.0,93.939,0.0,0.0,0.0,1.010,1.010,97.980,0.0,0.0,0.0,12.0,2.0,86.0,0.0,0.0,0.0,0.0,1.0,99.0,0.0,0.0,0.0,276037632.0,270535168.0,798863360.0,48577974272.0,0.0,114688.0,13.600,0.0,16.0
1519587121.456,2.133,2.258,94.730,0.878,0.0,0.0,0.0,1.010,98.990,0.0,0.0,0.0,2.0,4.0,90.0,4.0,0.0,0.0,1.0,3.0,96.0,0.0,0.0,0.0,0.0,1.0,96.0,3.0,0.0,0.0,4.040,1.010,94.949,0.0,0.0,0.0,0.0,2.020,97.980,0.0,0.0,0.0,10.891,3.960,85.149,0.0,0.0,0.0,0.0,2.020,97.980,0.0,0.0,0.0,276037632.0,270563840.0,798855168.0,48577212416.0,0.0,90112.0,7.200,0.0,10.0
1519587122.456,2.871,0.999,96.005,0.125,0.0,0.0,0.0,0.0,100.0,0.0,0.0,0.0,1.0,1.0,98.0,0.0,0.0,0.0,12.0,3.0,85.0,0.0,0.0,0.0,1.020,1.020,97.959,0.0,0.0,0.0,4.950,0.0,95.050,0.0,0.0,0.0,2.0,1.0,97.0,0.0,0.0,0.0,0.0,0.0,100.0,0.0,0.0,0.0,0.0,0.990,98.020,0.990,0.0,0.0,276037632.0,270563840.0,798863360.0,48577847296.0,0.0,16384.0,0.0,0.0,4.0
1519587123.456,2.387,1.382,95.854,0.377,0.0,0.0,1.010,0.0,98.990,0.0,0.0,0.0,11.0,4.0,81.0,4.0,0.0,0.0,1.010,1.010,97.980,0.0,0.0,0.0,1.0,2.0,97.0,0.0,0.0,0.0,4.0,0.0,96.0,0.0,0.0,0.0,0.0,1.020,98.980,0.0,0.0,0.0,0.0,1.0,99.0,0.0,0.0,0.0,0.990,1.980,97.030,0.0,0.0,0.0,276037632.0,270573056.0,798855168.0,48578228224.0,0.0,69632.0,3.200,0.0,9.0
1519587124.456,2.381,1.378,96.241,0.0,0.0,0.0,1.0,1.0,98.0,0.0,0.0,0.0,0.0,2.0,98.0,0.0,0.0,0.0,0.0,2.0,98.0,0.0,0.0,0.0,1.010,1.010,97.980,0.0,0.0,0.0,5.0,0.0,95.0,0.0,0.0,0.0,1.0,2.0,97.0,0.0,0.0,0.0,10.891,2.970,86.139,0.0,0.0,0.0,0.990,0.990,98.020,0.0,0.0,0.0,276037632.0,270569984.0,798863360.0,48577687552.0,0.0,184320.0,8.0,0.0,11.0
1519587125.456,2.256,1.253,94.612,1.880,0.0,0.0,0.0,1.0,99.0,0.0,0.0,0.0,0.0,0.0,88.889,11.111,0.0,0.0,0.0,2.020,97.980,0.0,0.0,0.0,0.0,0.0,96.0,4.0,0.0,0.0,4.0,1.0,95.0,0.0,0.0,0.0,0.0,3.0,97.0,0.0,0.0,0.0,13.131,2.020,84.848,0.0,0.0,0.0,0.0,0.0,100.0,0.0,0.0,0.0,276037632.0,270563840.0,798887936.0,48578322432.0,0.0,77824.0,9.200,0.0,12.0
1519587126.456,2.506,1.880,94.612,1.003,0.0,0.0,0.0,2.020,97.980,0.0,0.0,0.0,0.0,3.030,92.929,4.040,0.0,0.0,1.0,0.0,99.0,0.0,0.0,0.0,12.245,3.061,81.633,3.061,0.0,0.0,0.980,0.980,97.059,0.980,0.0,0.0,1.010,2.020,96.970,0.0,0.0,0.0,3.0,1.0,96.0,0.0,0.0,0.0,1.010,2.020,96.970,0.0,0.0,0.0,276037632.0,270565888.0,798896128.0,48577306624.0,0.0,77824.0,7.600,0.0,10.0
1519587127.456,2.005,1.504,96.491,0.0,0.0,0.0,10.0,4.0,86.0,0.0,0.0,0.0,0.990,2.970,96.040,0.0,0.0,0.0,0.0,0.0,100.0,0.0,0.0,0.0,0.990,0.990,98.020,0.0,0.0,0.0,0.0,0.0,100.0,0.0,0.0,0.0,0.0,2.970,97.030,0.0,0.0,0.0,4.0,0.0,96.0,0.0,0.0,0.0,0.990,2.970,96.040,0.0,0.0,0.0,276037632.0,270575104.0,798896128.0,48577814528.0,0.0,16384.0,0.0,0.0,4.0
1519587128.456,2.258,1.631,95.483,0.627,0.0,0.0,10.101,6.061,83.838,0.0,0.0,0.0,1.010,2.020,96.970,0.0,0.0,0.0,0.0,1.020,98.980,0.0,0.0,0.0,0.0,0.0,95.918,4.082,0.0,0.0,0.0,2.020,96.970,1.010,0.0,0.0,1.0,0.0,99.0,0.0,0.0,0.0,4.0,1.0,95.0,0.0,0.0,0.0,0.0,1.0,99.0,0.0,0.0,0.0,276037632.0,270563840.0,798900224.0,48578195456.0,4096.0,69632.0,5.200,1.0,8.0
1519587129.456,2.008,1.380,96.612,0.0,0.0,0.0,1.0,2.0,97.0,0.0,0.0,0.0,0.980,0.980,98.039,0.0,0.0,0.0,1.0,2.0,97.0,0.0,0.0,0.0,10.891,4.950,84.158,0.0,0.0,0.0,3.030,0.0,96.970,0.0,0.0,0.0,0.990,0.0,99.010,0.0,0.0,0.0,1.010,1.010,97.980,0.0,0.0,0.0,0.0,0.0,100.0,0.0,0.0,0.0,276037632.0,270564864.0,798908416.0,48578449408.0,0.0,188416.0,7.200,0.0,11.0
1519587130.456,2.250,1.375,94.500,1.875,0.0,0.0,1.0,2.0,96.0,1.0,0.0,0.0,11.111,3.030,82.828,3.030,0.0,0.0,0.0,1.0,99.0,0.0,0.0,0.0,0.0,0.0,89.899,10.101,0.0,0.0,4.0,2.0,94.0,0.0,0.0,0.0,0.0,0.0,100.0,0.0,0.0,0.0,0.990,1.980,97.030,0.0,0.0,0.0,1.0,0.0,99.0,0.0,0.0,0.0,276037632.0,270574080.0,798945280.0,48578068480.0,0.0,77824.0,7.600,0.0,12.0
1519587131.456,2.516,1.761,95.346,0.377,0.0,0.0,0.0,3.030,96.970,0.0,0.0,0.0,12.121,4.040,83.838,0.0,0.0,0.0,0.0,1.0,99.0,0.0,0.0,0.0,0.0,1.0,96.0,3.0,0.0,0.0,4.040,0.0,95.960,0.0,0.0,0.0,0.0,1.0,99.0,0.0,0.0,0.0,4.0,2.0,94.0,0.0,0.0,0.0,0.0,2.020,97.980,0.0,0.0,0.0,276037632.0,270566912.0,798945280.0,48576831488.0,0.0,102400.0,10.0,0.0,10.0
1519587132.456,2.253,1.252,95.244,1.252,0.0,0.0,1.0,0.0,99.0,0.0,0.0,0.0,0.0,0.990,92.079,6.931,0.0,0.0,0.0,1.010,98.990,0.0,0.0,0.0,0.0,0.0,96.939,3.061,0.0,0.0,4.0,1.0,95.0,0.0,0.0,0.0,12.871,4.950,82.178,0.0,0.0,0.0,0.0,1.0,98.0,1.0,0.0,0.0,0.0,1.0,99.0,0.0,0.0,0.0,276037632.0,270573056.0,798945280.0,48578482176.0,0.0,16384.0,0.0,0.0,4.0
1519587133.456,2.387,1.508,95.729,0.377,0.0,0.0,0.0,3.030,96.970,0.0,0.0,0.0,1.020,2.041,93.878,3.061,0.0,0.0,0.990,2.970,96.040,0.0,0.0,0.0,1.0,1.0,98.0,0.0,0.0,0.0,4.950,0.0,95.050,0.0,0.0,0.0,10.204,2.041,87.755,0.0,0.0,0.0,0.0,0.0,100.0,0.0,0.0,0.0,1.0,1.0,98.0,0.0,0.0,0.0,276037632.0,270569984.0,798937088.0,48577212416.0,0.0,77824.0,3.600,0.0,8.0
1519587134.456,2.378,1.252,96.370,0.0,0.0,0.0,0.0,0.0,100.0,0.0,0.0,0.0,1.010,0.0,98.990,0.0,0.0,0.0,2.0,1.0,97.0,0.0,0.0,0.0,0.0,2.0,98.0,0.0,0.0,0.0,3.960,0.990,95.050,0.0,0.0,0.0,0.0,1.980,98.020,0.0,0.0,0.0,0.0,2.020,97.980,0.0,0.0,0.0,11.881,1.980,86.139,0.0,0.0,0.0,276037632.0,270563840.0,798945280.0,48577466368.0,0.0,172032.0,7.600,0.0,11.0
1519587135.456,2.253,1.377,95.119,1.252,0.0,0.0,0.990,1.980,97.030,0.0,0.0,0.0,0.980,0.980,90.196,7.843,0.0,0.0,0.0,1.980,98.020,0.0,0.0,0.0,12.0,4.0,84.0,0.0,0.0,0.0,1.0,0.0,99.0,0.0,0.0,0.0,0.990,1.980,94.059,2.970,0.0,0.0,2.970,1.980,95.050,0.0,0.0,0.0,0.0,0.0,100.0,0.0,0.0,0.0,276037632.0,270563840.0,798978048.0,48577339392.0,0.0,81920.0,9.600,0.0,12.0
1519587136.456,2.497,2.122,94.382,0.999,0.0,0.0,1.020,3.061,95.918,0.0,0.0,0.0,1.0,3.0,93.0,3.0,0.0,0.0,0.0,2.041,97.959,0.0,0.0,0.0,0.0,2.020,93.939,4.040,0.0,0.0,0.0,0.0,100.0,0.0,0.0,0.0,0.0,2.0,98.0,0.0,0.0,0.0,4.040,0.0,95.960,0.0,0.0,0.0,11.0,3.0,86.0,0.0,0.0,0.0,276037632.0,270564864.0,798978048.0,48577957888.0,0.0,65536.0,3.600,0.0,5.0
1519587137.456,2.625,1.125,95.125,1.125,0.0,0.0,0.0,2.0,98.0,0.0,0.0,0.0,0.0,0.0,95.0,5.0,0.0,0.0,1.0,0.0,99.0,0.0,0.0,0.0,1.010,0.0,94.949,4.040,0.0,0.0,12.745,1.961,84.314,0.980,0.0,0.0,2.0,1.0,97.0,0.0,0.0,0.0,4.902,3.922,91.176,0.0,0.0,0.0,1.0,0.0,99.0,0.0,0.0,0.0,276037632.0,270569984.0,798978048.0,48577372160.0,0.0,57344.0,5.600,0.0,9.0
1519587138.456,2.513,1.508,95.352,0.503,0.0,0.126,2.0,3.0,95.0,0.0,0.0,0.0,1.0,1.0,94.0,4.0,0.0,0.0,2.0,2.0,96.0,0.0,0.0,0.0,11.765,4.902,82.353,0.0,0.0,0.980,2.062,0.0,97.938,0.0,0.0,0.0,0.0,0.0,100.0,0.0,0.0,0.0,0.0,1.010,98.990,0.0,0.0,0.0,0.0,0.0,100.0,0.0,0.0,0.0,276037632.0,270573056.0,798978048.0,48577912832.0,0.0,69632.0,4.400,0.0,7.0
1519587139.456,2.628,1.001,96.245,0.125,0.0,0.0,1.010,1.010,97.980,0.0,0.0,0.0,0.990,0.990,98.020,0.0,0.0,0.0,0.0,0.0,100.0,0.0,0.0,0.0,2.0,2.0,96.0,0.0,0.0,0.0,4.0,0.0,96.0,0.0,0.0,0.0,1.0,0.0,99.0,0.0,0.0,0.0,0.990,0.990,98.020,0.0,0.0,0.0,11.0,4.0,85.0,0.0,0.0,0.0,276037632.0,270563840.0,798978048.0,48576897024.0,0.0,147456.0,7.600,0.0,8.0
1519587140.456,2.513,1.005,94.221,2.261,0.0,0.0,0.0,0.0,100.0,0.0,0.0,0.0,0.0,0.0,91.919,8.081,0.0,0.0,0.0,0.0,100.0,0.0,0.0,0.0,1.010,2.020,86.869,10.101,0.0,0.0,3.061,0.0,96.939,0.0,0.0,0.0,1.010,2.020,96.970,0.0,0.0,0.0,12.121,2.020,85.859,0.0,0.0,0.0,0.990,1.980,97.030,0.0,0.0,0.0,276037632.0,270571008.0,799014912.0,48577277952.0,0.0,106496.0,12.400,0.0,15.0
1519587141.456,2.516,1.635,94.843,1.006,0.0,0.0,1.0,2.0,97.0,0.0,0.0,0.0,0.980,1.961,92.157,4.902,0.0,0.0,0.0,1.010,98.990,0.0,0.0,0.0,0.990,1.980,93.069,3.960,0.0,0.0,16.162,2.020,81.818,0.0,0.0,0.0,1.980,1.980,96.040,0.0,0.0,0.0,2.041,0.0,97.959,0.0,0.0,0.0,0.0,2.020,97.980,0.0,0.0,0.0,276037632.0,270563840.0,799014912.0,48577404928.0,0.0,77824.0,7.200,0.0,10.0
1519587142.456,2.628,1.252,96.120,0.0,0.0,0.0,1.0,1.0,98.0,0.0,0.0,0.0,0.0,0.0,100.0,0.0,0.0,0.0,1.010,1.010,97.980,0.0,0.0,0.0,1.010,1.010,97.980,0.0,0.0,0.0,4.950,0.990,94.059,0.0,0.0,0.0,1.010,1.010,97.980,0.0,0.0,0.0,0.0,1.0,99.0,0.0,0.0,0.0,11.111,2.020,86.869,0.0,0.0,0.0,276037632.0,270565888.0,799014912.0,48577073152.0,0.0,16384.0,0.0,0.0,4.0
1519587143.456,2.503,1.752,95.369,0.375,0.0,0.0,0.990,1.980,97.030,0.0,0.0,0.0,1.0,3.0,96.0,0.0,0.0,0.0,11.881,2.970,85.149,0.0,0.0,0.0,1.010,1.010,94.949,3.030,0.0,0.0,4.0,1.0,95.0,0.0,0.0,0.0,0.0,1.0,99.0,0.0,0.0,0.0,0.0,1.0,99.0,0.0,0.0,0.0,0.990,2.970,96.040,0.0,0.0,0.0,276037632.0,270563840.0,799019008.0,48577499136.0,0.0,73728.0,3.600,0.0,7.0
1519587144.456,2.384,1.129,96.487,0.0,0.0,0.0,11.111,4.040,84.848,0.0,0.0,0.0,0.0,1.031,98.969,0.0,0.0,0.0,0.0,0.0,100.0,0.0,0.0,0.0,0.990,0.0,99.010,0.0,0.0,0.0,5.941,0.990,93.069,0.0,0.0,0.0,0.0,1.980,98.020,0.0,0.0,0.0,0.0,0.0,100.0,0.0,0.0,0.0,1.010,1.010,97.980,0.0,0.0,0.0,276037632.0,270563840.0,799019008.0,48576897024.0,0.0,147456.0,7.600,0.0,8.0
1519587145.456,2.378,1.126,94.243,2.253,0.0,0.0,0.0,1.0,99.0,0.0,0.0,0.0,0.980,1.961,92.157,4.902,0.0,0.0,0.0,1.0,99.0,0.0,0.0,0.0,1.0,1.0,87.0,11.0,0.0,0.0,4.0,1.0,95.0,0.0,0.0,0.0,13.0,2.0,85.0,0.0,0.0,0.0,0.0,0.0,100.0,0.0,0.0,0.0,1.010,2.020,94.949,2.020,0.0,0.0,276037632.0,270563840.0,799051776.0,48578166784.0,0.0,106496.0,9.600,0.0,15.0
1519587146.456,2.372,1.498,95.381,0.749,0.0,0.0,0.0,3.0,97.0,0.0,0.0,0.0,2.0,1.0,94.0,3.0,0.0,0.0,11.111,2.020,86.869,0.0,0.0,0.0,0.0,0.0,96.970,3.030,0.0,0.0,4.0,0.0,96.0,0.0,0.0,0.0,1.0,2.0,97.0,0.0,0.0,0.0,0.0,0.0,100.0,0.0,0.0,0.0,0.0,3.0,97.0,0.0,0.0,0.0,276037632.0,270535168.0,799035392.0,48577912832.0,0.0,86016.0,6.800,0.0,10.0
1519587147.456,2.513,1.633,95.729,0.126,0.0,0.0,11.0,3.0,86.0,0.0,0.0,0.0,1.020,2.041,96.939,0.0,0.0,0.0,0.0,1.0,99.0,0.0,0.0,0.0,0.0,0.0,100.0,0.0,0.0,0.0,2.020,2.020,95.960,0.0,0.0,0.0,0.0,1.0,99.0,0.0,0.0,0.0,3.061,0.0,96.939,0.0,0.0,0.0,1.0,3.0,96.0,0.0,0.0,0.0,276037632.0,270563840.0,799051776.0,48577150976.0,0.0,16384.0,0.0,0.0,4.0
1519587148.456,2.632,1.378,95.489,0.501,0.0,0.0,1.010,2.020,96.970,0.0,0.0,0.0,2.970,0.990,92.079,3.960,0.0,0.0,11.0,4.0,85.0,0.0,0.0,0.0,1.0,0.0,99.0,0.0,0.0,0.0,1.980,1.980,96.040,0.0,0.0,0.0,0.990,0.990,98.020,0.0,0.0,0.0,4.902,0.980,94.118,0.0,0.0,0.0,0.990,1.980,97.030,0.0,0.0,0.0,276037632.0,270563840.0,799043584.0,48577531904.0,0.0,69632.0,4.400,0.0,7.0
1519587149.456,2.750,1.125,96.0,0.125,0.0,0.0,1.0,0.0,99.0,0.0,0.0,0.0,1.0,3.0,96.0,0.0,0.0,0.0,0.0,1.0,99.0,0.0,0.0,0.0,1.0,2.0,95.0,2.0,0.0,0.0,1.0,0.0,99.0,0.0,0.0,0.0,0.0,0.0,100.0,0.0,0.0,0.0,15.152,2.020,82.828,0.0,0.0,0.0,0.0,0.0,100.0,0.0,0.0,0.0,276037632.0,270567936.0,799059968.0,48577658880.0,4096.0,212992.0,9.200,1.0,13.0
1519587150.456,2.632,0.877,94.486,2.005,0.0,0.0,1.010,1.010,97.980,0.0,0.0,0.0,0.0,1.010,88.889,10.101,0.0,0.0,1.010,0.0,98.990,0.0,0.0,0.0,2.041,0.0,92.857,5.102,0.0,0.0,12.121,1.010,86.869,0.0,0.0,0.0,0.0,0.990,99.010,0.0,0.0,0.0,5.941,0.990,93.069,0.0,0.0,0.0,0.0,0.990,99.010,0.0,0.0,0.0,276037632.0,270563840.0,799088640.0,48577531904.0,0.0,110592.0,9.200,0.0,15.0
1519587151.456,2.384,1.129,95.609,0.878,0.0,0.0,1.980,0.0,98.020,0.0,0.0,0.0,0.0,2.041,94.898,3.061,0.0,0.0,0.0,0.990,99.010,0.0,0.0,0.0,0.0,3.960,95.050,0.990,0.0,0.0,12.121,1.010,86.869,0.0,0.0,0.0,1.0,1.0,98.0,0.0,0.0,0.0,4.0,1.0,95.0,0.0,0.0,0.0,0.0,0.0,96.939,3.061,0.0,0.0,276037632.0,270563840.0,799096832.0,48577658880.0,0.0,77824.0,7.600,0.0,10.0
1519587152.456,2.506,1.754,95.739,0.0,0.0,0.0,1.010,3.030,95.960,0.0,0.0,0.0,1.0,2.0,97.0,0.0,0.0,0.0,0.0,0.0,100.0,0.0,0.0,0.0,1.0,3.0,96.0,0.0,0.0,0.0,1.0,2.0,97.0,0.0,0.0,0.0,10.891,3.960,85.149,0.0,0.0,0.0,4.0,0.0,96.0,0.0,0.0,0.0,0.990,0.990,98.020,0.0,0.0,0.0,276037632.0,270563840.0,799096832.0,48576671744.0,0.0,16384.0,0.0,0.0,4.0
1519587153.456,2.261,1.382,95.854,0.503,0.0,0.0,1.0,1.0,98.0,0.0,0.0,0.0,0.0,2.0,94.0,4.0,0.0,0.0,12.0,4.0,84.0,0.0,0.0,0.0,0.0,0.0,100.0,0.0,0.0,0.0,2.0,2.0,96.0,0.0,0.0,0.0,0.0,0.0,100.0,0.0,0.0,0.0,3.061,1.020,95.918,0.0,0.0,0.0,0.0,0.0,100.0,0.0,0.0,0.0,276037632.0,270561792.0,799092736.0,48577609728.0,0.0,61440.0,3.200,0.0,7.0
1519587154.456,2.632,5.013,91.980,0.376,0.0,0.0,1.020,4.082,91.837,3.061,0.0,0.0,0.0,5.0,95.0,0.0,0.0,0.0,1.0,5.0,94.0,0.0,0.0,0.0,12.745,9.804,77.451,0.0,0.0,0.0,1.020,3.061,95.918,0.0,0.0,0.0,0.0,4.040,95.960,0.0,0.0,0.0,4.950,5.941,89.109,0.0,0.0,0.0,0.0,3.0,97.0,0.0,0.0,0.0,276037632.0,270561792.0,799444992.0,48576507904.0,335872.0,286720.0,11.600,4.0,33.0
1519587155.456,2.256,1.504,94.110,2.130,0.0,0.0,0.0,1.010,94.949,4.040,0.0,0.0,10.0,5.0,85.0,0.0,0.0,0.0,1.980,1.980,90.099,5.941,0.0,0.0,0.0,2.020,97.980,0.0,0.0,0.0,4.0,0.0,96.0,0.0,0.0,0.0,1.010,0.0,95.960,3.030,0.0,0.0,0.990,2.970,96.040,0.0,0.0,0.0,0.990,0.0,95.050,3.960,0.0,0.0,276037632.0,270561792.0,799477760.0,48575545344.0,0.0,110592.0,9.600,0.0,15.0
1519587156.456,2.253,1.252,95.369,1.126,0.0,0.0,0.0,1.0,99.0,0.0,0.0,0.0,1.0,0.0,99.0,0.0,0.0,0.0,0.0,1.0,99.0,0.0,0.0,0.0,12.121,3.030,84.848,0.0,0.0,0.0,1.0,3.0,96.0,0.0,0.0,0.0,0.990,0.990,93.069,4.950,0.0,0.0,3.061,0.0,96.939,0.0,0.0,0.0,0.990,0.990,95.050,2.970,0.0,0.0,276037632.0,270561792.0,799469568.0,48576053248.0,0.0,86016.0,8.400,0.0,10.0
1519587157.456,2.384,2.008,95.609,0.0,0.0,0.0,0.0,0.0,100.0,0.0,0.0,0.0,10.101,4.040,85.859,0.0,0.0,0.0,0.0,1.010,98.990,0.0,0.0,0.0,1.0,0.0,99.0,0.0,0.0,0.0,2.0,3.0,94.0,1.0,0.0,0.0,0.0,3.030,96.970,0.0,0.0,0.0,3.030,1.010,95.960,0.0,0.0,0.0,0.0,3.030,96.970,0.0,0.0,0.0,276037632.0,270561792.0,807866368.0,48566878208.0,0.0,16384.0,0.0,0.0,4.0
1519587158.456,2.625,1.500,95.250,0.625,0.0,0.0,0.0,0.0,100.0,0.0,0.0,0.0,1.980,2.970,90.099,4.950,0.0,0.0,0.990,1.980,97.030,0.0,0.0,0.0,1.0,2.0,97.0,0.0,0.0,0.0,14.0,4.0,82.0,0.0,0.0,0.0,0.990,0.0,99.010,0.0,0.0,0.0,3.0,0.0,97.0,0.0,0.0,0.0,1.0,1.0,98.0,0.0,0.0,0.0,276037632.0,270565888.0,807866368.0,48567611392.0,0.0,69632.0,4.400,0.0,7.0
1519587159.456,2.390,0.881,96.730,0.0,0.0,0.0,0.0,2.0,98.0,0.0,0.0,0.0,1.0,2.0,97.0,0.0,0.0,0.0,1.010,0.0,98.990,0.0,0.0,0.0,1.0,2.0,97.0,0.0,0.0,0.0,4.040,0.0,95.960,0.0,0.0,0.0,0.0,0.0,100.0,0.0,0.0,0.0,0.0,0.0,100.0,0.0,0.0,0.0,11.111,2.020,86.869,0.0,0.0,0.0,276037632.0,270561792.0,807866368.0,48567406592.0,0.0,147456.0,7.600,0.0,8.0
1519587160.456,2.130,1.253,94.110,2.381,0.0,0.125,1.010,1.010,97.980,0.0,0.0,0.0,0.0,1.0,91.0,8.0,0.0,0.0,2.0,2.0,92.0,3.0,0.0,1.0,10.101,3.030,86.869,0.0,0.0,0.0,0.990,0.990,98.020,0.0,0.0,0.0,0.0,0.990,96.040,2.970,0.0,0.0,3.030,1.010,95.960,0.0,0.0,0.0,0.0,1.0,94.0,5.0,0.0,0.0,276037632.0,270569984.0,807899136.0,48567136256.0,0.0,110592.0,12.400,0.0,15.0
1519587161.456,2.384,1.004,95.609,1.004,0.0,0.0,0.990,0.990,97.030,0.990,0.0,0.0,1.0,2.0,97.0,0.0,0.0,0.0,0.0,0.0,100.0,0.0,0.0,0.0,1.010,1.010,97.980,0.0,0.0,0.0,12.121,1.010,86.869,0.0,0.0,0.0,0.0,0.0,95.960,4.040,0.0,0.0,3.0,1.0,96.0,0.0,0.0,0.0,0.0,0.0,95.960,4.040,0.0,0.0,276037632.0,270569984.0,807899136.0,48567644160.0,0.0,86016.0,7.600,0.0,10.0
1519587162.456,2.618,2.120,95.262,0.0,0.0,0.0,13.0,2.0,85.0,0.0,0.0,0.0,0.0,4.0,96.0,0.0,0.0,0.0,0.990,1.980,97.030,0.0,0.0,0.0,0.0,2.0,98.0,0.0,0.0,0.0,1.980,0.990,97.030,0.0,0.0,0.0,1.980,3.960,94.059,0.0,0.0,0.0,4.0,1.0,95.0,0.0,0.0,0.0,0.990,1.980,97.030,0.0,0.0,0.0,276037632.0,270561792.0,807899136.0,48566882304.0,0.0,16384.0,0.0,0.0,4.0
1519587163.456,2.133,1.757,95.609,0.502,0.0,0.0,0.0,0.0,100.0,0.0,0.0,0.0,0.0,1.010,98.990,0.0,0.0,0.0,1.0,4.0,95.0,0.0,0.0,0.0,11.0,3.0,82.0,4.0,0.0,0.0,3.0,2.0,95.0,0.0,0.0,0.0,0.0,0.0,100.0,0.0,0.0,0.0,1.0,2.0,97.0,0.0,0.0,0.0,0.0,1.0,99.0,0.0,0.0,0.0,276037632.0,270561792.0,807899136.0,48567721984.0,0.0,69632.0,4.0,0.0,7.0
1519587164.456,2.378,1.252,96.370,0.0,0.0,0.0,0.0,1.0,99.0,0.0,0.0,0.0,11.0,3.0,86.0,0.0,0.0,0.0,1.020,1.020,97.959,0.0,0.0,0.0,0.0,1.010,98.990,0.0,0.0,0.0,3.960,1.980,94.059,0.0,0.0,0.0,0.0,0.0,100.0,0.0,0.0,0.0,2.0,2.0,96.0,0.0,0.0,0.0,1.0,0.0,99.0,0.0,0.0,0.0,276037632.0,270561792.0,807899136.0,48567283712.0,0.0,147456.0,7.600,0.0,8.0
1519587165.456,2.393,1.008,94.962,1.637,0.0,0.0,0.0,1.010,98.990,0.0,0.0,0.0,1.0,0.0,99.0,0.0,0.0,0.0,1.0,2.0,97.0,0.0,0.0,0.0,0.0,1.020,87.755,11.224,0.0,0.0,3.030,1.010,95.960,0.0,0.0,0.0,0.990,0.990,96.040,1.980,0.0,0.0,3.061,0.0,96.939,0.0,0.0,0.0,10.0,3.0,87.0,0.0,0.0,0.0,276037632.0,270561792.0,807936000.0,48567537664.0,0.0,139264.0,12.400,0.0,15.0
1519587166.456,2.378,1.126,95.494,1.001,0.0,0.0,1.980,1.980,96.040,0.0,0.0,0.0,0.0,1.0,99.0,0.0,0.0,0.0,1.980,2.970,95.050,0.0,0.0,0.0,0.990,0.990,98.020,0.0,0.0,0.0,12.0,2.0,86.0,0.0,0.0,0.0,0.0,0.0,100.0,0.0,0.0,0.0,3.061,1.020,94.898,1.020,0.0,0.0,0.0,0.0,94.0,6.0,0.0,0.0,276037632.0,270561792.0,807940096.0,48567664640.0,0.0,77824.0,7.200,0.0,10.0
1519587167.456,2.138,1.887,95.094,0.881,0.0,0.0,0.0,2.041,97.959,0.0,0.0,0.0,0.0,2.020,97.980,0.0,0.0,0.0,0.0,1.020,98.980,0.0,0.0,0.0,0.0,1.010,98.990,0.0,0.0,0.0,13.542,3.125,83.333,0.0,0.0,0.0,0.0,2.970,93.069,3.960,0.0,0.0,1.010,0.0,98.990,0.0,0.0,0.0,0.0,0.0,96.970,3.030,0.0,0.0,276037632.0,270561792.0,807940096.0,48567029760.0,0.0,16384.0,0.0,0.0,4.0
1519587168.456,2.381,1.754,95.363,0.501,0.0,0.0,0.990,1.980,97.030,0.0,0.0,0.0,0.0,1.0,99.0,0.0,0.0,0.0,3.0,3.0,94.0,0.0,0.0,0.0,10.0,4.0,82.0,4.0,0.0,0.0,4.950,1.980,93.069,0.0,0.0,0.0,1.0,2.0,97.0,0.0,0.0,0.0,0.0,1.0,99.0,0.0,0.0,0.0,0.990,0.990,98.020,0.0,0.0,0.0,276037632.0,270561792.0,807931904.0,48567488512.0,0.0,61440.0,3.600,0.0,7.0
1519587169.456,2.503,1.001,96.496,0.0,0.0,0.0,4.0,1.0,95.0,0.0,0.0,0.0,1.010,0.0,98.990,0.0,0.0,0.0,2.970,1.980,95.050,0.0,0.0,0.0,0.990,0.990,98.020,0.0,0.0,0.0,0.0,0.0,100.0,0.0,0.0,0.0,1.0,0.0,99.0,0.0,0.0,0.0,1.0,2.0,97.0,0.0,0.0,0.0,11.111,2.020,86.869,0.0,0.0,0.0,276037632.0,270561792.0,807940096.0,48566710272.0,0.0,233472.0,7.600,0.0,25.0
1519587170.456,2.258,1.255,95.609,0.878,0.0,0.0,3.061,0.0,96.939,0.0,0.0,0.0,1.980,1.980,96.040,0.0,0.0,0.0,0.0,1.0,91.0,8.0,0.0,0.0,11.111,4.040,84.848,0.0,0.0,0.0,0.0,1.0,99.0,0.0,0.0,0.0,0.0,0.0,100.0,0.0,0.0,0.0,0.990,0.0,99.010,0.0,0.0,0.0,0.0,1.0,99.0,0.0,0.0,0.0,276037632.0,270561792.0,807972864.0,48567472128.0,0.0,106496.0,6.800,0.0,11.0
1519587171.456,2.750,1.0,95.125,1.125,0.0,0.0,3.0,1.0,93.0,3.0,0.0,0.0,2.0,3.0,95.0,0.0,0.0,0.0,2.020,0.0,92.929,5.051,0.0,0.0,0.0,1.010,98.990,0.0,0.0,0.0,1.0,1.0,98.0,0.0,0.0,0.0,0.0,0.0,99.0,0.0,0.0,1.0,0.0,1.010,98.990,0.0,0.0,0.0,12.0,2.0,86.0,0.0,0.0,0.0,276037632.0,270561792.0,807972864.0,48567472128.0,0.0,53248.0,5.600,0.0,8.0
1519587172.456,2.375,1.250,95.500,0.875,0.0,0.0,4.950,0.990,90.099,3.960,0.0,0.0,1.0,0.0,99.0,0.0,0.0,0.0,0.0,2.020,93.939,4.040,0.0,0.0,1.0,0.0,99.0,0.0,0.0,0.0,0.0,2.0,98.0,0.0,0.0,0.0,10.891,2.970,86.139,0.0,0.0,0.0,1.980,0.990,97.030,0.0,0.0,0.0,0.0,0.0,100.0,0.0,0.0,0.0,276037632.0,270535168.0,807972864.0,48566550528.0,0.0,77824.0,7.600,0.0,10.0
1519587173.456,2.882,1.754,94.612,0.752,0.0,0.0,5.0,1.0,94.0,0.0,0.0,0.0,1.010,0.0,98.990,0.0,0.0,0.0,1.980,1.980,96.040,0.0,0.0,0.0,0.980,2.941,91.176,4.902,0.0,0.0,0.0,0.0,100.0,0.0,0.0,0.0,0.0,1.020,98.980,0.0,0.0,0.0,4.0,3.0,93.0,0.0,0.0,0.0,11.111,3.030,85.859,0.0,0.0,0.0,276037632.0,270561792.0,807972864.0,48566423552.0,0.0,61440.0,5.200,0.0,7.0
1519587174.456,2.509,1.004,96.487,0.0,0.0,0.0,2.0,1.0,97.0,0.0,0.0,0.0,0.0,0.0,100.0,0.0,0.0,0.0,3.0,1.0,96.0,0.0,0.0,0.0,12.0,2.0,86.0,0.0,0.0,0.0,0.0,0.0,100.0,0.0,0.0,0.0,0.990,3.960,95.050,0.0,0.0,0.0,1.010,1.010,97.980,0.0,0.0,0.0,0.0,0.0,100.0,0.0,0.0,0.0,276037632.0,270561792.0,807972864.0,48566550528.0,0.0,139264.0,7.200,0.0,8.0
1519587175.456,2.387,1.131,94.221,2.261,0.0,0.0,2.020,1.010,96.970,0.0,0.0,0.0,1.0,0.0,92.0,7.0,0.0,0.0,4.0,0.0,95.0,1.0,0.0,0.0,0.0,1.010,87.879,11.111,0.0,0.0,1.0,2.0,97.0,0.0,0.0,0.0,1.010,1.010,97.980,0.0,0.0,0.0,0.0,1.0,99.0,0.0,0.0,0.0,9.901,3.960,86.139,0.0,0.0,0.0,276037632.0,270561792.0,808005632.0,48566931456.0,0.0,106496.0,11.600,0.0,15.0
1519587176.456,2.381,1.504,94.737,1.253,0.0,0.125,1.0,2.0,97.0,0.0,0.0,0.0,0.0,2.020,92.929,5.051,0.0,0.0,6.931,0.990,92.079,0.0,0.0,0.0,1.0,0.0,95.0,4.0,0.0,0.0,0.0,0.0,100.0,0.0,0.0,0.0,1.0,1.0,98.0,0.0,0.0,0.0,11.111,4.040,84.848,0.0,0.0,0.0,0.0,0.0,100.0,0.0,0.0,0.0,276037632.0,270561792.0,808005632.0,48566296576.0,0.0,81920.0,10.0,0.0,10.0
1519587177.456,2.375,1.375,96.250,0.0,0.0,0.0,13.0,3.0,84.0,0.0,0.0,0.0,0.0,2.0,98.0,0.0,0.0,0.0,2.020,2.020,95.960,0.0,0.0,0.0,0.0,1.010,98.990,0.0,0.0,0.0,0.0,1.0,99.0,0.0,0.0,0.0,0.0,0.0,100.0,0.0,0.0,0.0,0.0,1.0,99.0,0.0,0.0,0.0,0.990,1.980,97.030,0.0,0.0,0.0,276037632.0,270561792.0,808009728.0,48566677504.0,0.0,16384.0,0.0,0.0,4.0
1519587178.456,3.129,1.752,94.618,0.501,0.0,0.0,4.0,1.0,95.0,0.0,0.0,0.0,0.990,2.970,96.040,0.0,0.0,0.0,2.0,2.0,96.0,0.0,0.0,0.0,1.010,2.020,92.929,4.040,0.0,0.0,3.0,2.0,95.0,0.0,0.0,0.0,0.990,1.980,97.030,0.0,0.0,0.0,12.0,2.0,86.0,0.0,0.0,0.0,0.990,1.980,97.030,0.0,0.0,0.0,276037632.0,270561792.0,808013824.0,48566677504.0,0.0,69632.0,4.0,0.0,7.0
1519587179.456,2.261,1.256,96.482,0.0,0.0,0.0,0.0,1.0,99.0,0.0,0.0,0.0,0.0,0.0,100.0,0.0,0.0,0.0,5.102,1.020,93.878,0.0,0.0,0.0,1.010,2.020,96.970,0.0,0.0,0.0,1.010,1.010,97.980,0.0,0.0,0.0,0.990,0.990,97.030,0.990,0.0,0.0,1.0,0.0,99.0,0.0,0.0,0.0,10.101,3.030,86.869,0.0,0.0,0.0,276037632.0,270561792.0,808013824.0,48566804480.0,0.0,188416.0,7.600,0.0,20.0
1519587180.456,2.618,1.372,92.768,3.242,0.0,0.0,5.941,0.0,94.059,0.0,0.0,0.0,0.0,0.0,92.929,7.071,0.0,0.0,12.121,3.030,84.848,0.0,0.0,0.0,0.990,1.980,79.208,17.822,0.0,0.0,0.990,1.980,97.030,0.0,0.0,0.0,0.0,0.990,99.010,0.0,0.0,0.0,1.0,2.0,97.0,0.0,0.0,0.0,1.0,0.0,99.0,0.0,0.0,0.0,276037632.0,270569984.0,808046592.0,48566804480.0,0.0,143360.0,18.800,0.0,18.0
1519587181.456,2.381,1.253,95.363,1.003,0.0,0.0,1.010,3.030,95.960,0.0,0.0,0.0,10.784,3.922,80.392,4.902,0.0,0.0,4.0,1.0,95.0,0.0,0.0,0.0,1.0,0.0,95.0,4.0,0.0,0.0,1.010,0.0,98.990,0.0,0.0,0.0,0.0,1.0,99.0,0.0,0.0,0.0,0.0,0.990,99.010,0.0,0.0,0.0,1.010,1.010,97.980,0.0,0.0,0.0,276037632.0,270564864.0,808030208.0,48567599104.0,0.0,86016.0,7.600,0.0,10.0
1519587182.456,2.125,1.500,96.375,0.0,0.0,0.0,5.941,0.990,93.069,0.0,0.0,0.0,0.0,0.0,100.0,0.0,0.0,0.0,0.0,2.020,97.980,0.0,0.0,0.0,10.101,4.040,85.859,0.0,0.0,0.0,0.0,1.980,98.020,0.0,0.0,0.0,0.0,2.0,98.0,0.0,0.0,0.0,0.0,0.0,100.0,0.0,0.0,0.0,0.990,0.0,99.010,0.0,0.0,0.0,276037632.0,270563840.0,808046592.0,48567885824.0,0.0,16384.0,0.0,0.0,4.0
1519587183.456,3.004,2.003,94.493,0.501,0.0,0.0,1.010,3.030,95.960,0.0,0.0,0.0,0.0,2.020,94.949,3.030,0.0,0.0,5.0,1.0,94.0,0.0,0.0,0.0,2.0,2.0,96.0,0.0,0.0,0.0,2.970,1.980,95.050,0.0,0.0,0.0,0.0,1.0,99.0,0.0,0.0,0.0,0.0,3.030,96.970,0.0,0.0,0.0,12.245,2.041,85.714,0.0,0.0,0.0,276037632.0,270572032.0,808038400.0,48567885824.0,0.0,65536.0,4.0,0.0,7.0
1519587184.456,2.381,1.128,96.491,0.0,0.0,0.0,1.980,1.980,96.040,0.0,0.0,0.0,1.0,0.0,99.0,0.0,0.0,0.0,3.0,1.0,96.0,0.0,0.0,0.0,0.0,0.0,100.0,0.0,0.0,0.0,0.0,2.0,98.0,0.0,0.0,0.0,0.0,0.0,100.0,0.0,0.0,0.0,0.0,2.0,98.0,0.0,0.0,0.0,11.881,2.970,85.149,0.0,0.0,0.0,276037632.0,270563840.0,808046592.0,48568393728.0,0.0,139264.0,7.200,0.0,8.0
1519587185.456,2.253,1.377,94.493,1.877,0.0,0.0,5.051,0.0,94.949,0.0,0.0,0.0,1.0,0.0,88.0,11.0,0.0,0.0,0.0,2.020,97.980,0.0,0.0,0.0,0.0,0.0,95.918,4.082,0.0,0.0,0.0,1.0,99.0,0.0,0.0,0.0,10.891,2.970,86.139,0.0,0.0,0.0,1.0,3.0,96.0,0.0,0.0,0.0,0.0,1.0,99.0,0.0,0.0,0.0,276037632.0,270567936.0,808071168.0,48568614912.0,0.0,110592.0,8.800,0.0,15.0
1519587186.456,2.130,1.504,95.489,0.877,0.0,0.0,4.040,0.0,95.960,0.0,0.0,0.0,11.111,4.040,81.818,3.030,0.0,0.0,0.0,1.980,98.020,0.0,0.0,0.0,0.0,1.0,95.0,4.0,0.0,0.0,0.990,0.990,98.020,0.0,0.0,0.0,1.010,1.010,97.980,0.0,0.0,0.0,1.0,2.0,97.0,0.0,0.0,0.0,0.0,0.990,99.010,0.0,0.0,0.0,276037632.0,270563840.0,808071168.0,48567599104.0,0.0,86016.0,6.800,0.0,10.0
1519587187.456,2.008,1.380,96.612,0.0,0.0,0.0,0.0,2.020,97.980,0.0,0.0,0.0,12.121,2.020,85.859,0.0,0.0,0.0,3.030,3.030,93.939,0.0,0.0,0.0,1.0,2.0,97.0,0.0,0.0,0.0,0.0,0.0,100.0,0.0,0.0,0.0,0.0,1.0,99.0,0.0,0.0,0.0,1.0,1.0,98.0,0.0,0.0,0.0,0.0,0.0,100.0,0.0,0.0,0.0,276037632.0,270564864.0,808079360.0,48567726080.0,0.0,16384.0,0.0,0.0,4.0
1519587188.456,2.886,1.757,94.981,0.376,0.0,0.0,5.941,0.0,94.059,0.0,0.0,0.0,2.0,2.0,92.0,4.0,0.0,0.0,2.0,3.0,95.0,0.0,0.0,0.0,0.0,2.041,97.959,0.0,0.0,0.0,11.0,5.0,84.0,0.0,0.0,0.0,1.0,1.0,98.0,0.0,0.0,0.0,0.0,1.0,99.0,0.0,0.0,0.0,1.0,1.0,98.0,0.0,0.0,0.0,276037632.0,270563840.0,808083456.0,48567881728.0,0.0,73728.0,3.200,0.0,7.0
1519587189.456,2.503,1.126,96.245,0.125,0.0,0.0,4.040,1.010,94.949,0.0,0.0,0.0,1.010,0.0,98.990,0.0,0.0,0.0,1.980,0.990,97.030,0.0,0.0,0.0,0.0,1.0,99.0,0.0,0.0,0.0,0.0,0.990,99.010,0.0,0.0,0.0,0.0,0.0,99.0,1.0,0.0,0.0,11.0,2.0,87.0,0.0,0.0,0.0,1.010,2.020,96.970,0.0,0.0,0.0,276037632.0,270569984.0,808087552.0,48567345152.0,0.0,139264.0,7.600,0.0,8.0
1519587190.456,2.497,1.498,93.633,2.372,0.0,0.0,1.980,1.980,96.040,0.0,0.0,0.0,0.990,0.990,87.129,10.891,0.0,0.0,13.131,2.020,84.848,0.0,0.0,0.0,0.0,1.0,92.0,7.0,0.0,0.0,1.010,1.010,97.980,0.0,0.0,0.0,0.0,2.0,98.0,0.0,0.0,0.0,2.0,2.0,96.0,0.0,0.0,0.0,0.0,0.990,98.020,0.990,0.0,0.0,276037632.0,270563840.0,808116224.0,48567599104.0,0.0,233472.0,12.400,0.0,32.0
1519587191.456,2.008,1.506,95.609,0.878,0.0,0.0,4.040,2.020,93.939,0.0,0.0,0.0,0.0,2.020,94.949,3.030,0.0,0.0,11.111,3.030,85.859,0.0,0.0,0.0,0.0,1.0,95.0,4.0,0.0,0.0,0.0,1.010,98.990,0.0,0.0,0.0,1.0,2.0,97.0,0.0,0.0,0.0,1.0,1.0,98.0,0.0,0.0,0.0,0.0,1.0,99.0,0.0,0.0,0.0,276037632.0,270563840.0,808124416.0,48568107008.0,0.0,77824.0,7.600,0.0,10.0
1519587192.456,2.122,1.748,96.130,0.0,0.0,0.0,4.0,2.0,94.0,0.0,0.0,0.0,0.0,1.0,99.0,0.0,0.0,0.0,0.0,0.0,100.0,0.0,0.0,0.0,1.010,1.010,97.980,0.0,0.0,0.0,1.0,0.0,99.0,0.0,0.0,0.0,0.0,1.0,99.0,0.0,0.0,0.0,10.891,3.960,85.149,0.0,0.0,0.0,0.0,3.0,97.0,0.0,0.0,0.0,276037632.0,270569984.0,808124416.0,48567218176.0,0.0,16384.0,0.0,0.0,4.0
1519587193.456,2.509,1.882,94.856,0.753,0.0,0.0,1.0,2.0,97.0,0.0,0.0,0.0,10.101,6.061,78.788,5.051,0.0,0.0,4.0,1.0,95.0,0.0,0.0,0.0,1.0,1.0,98.0,0.0,0.0,0.0,1.980,2.970,95.050,0.0,0.0,0.0,1.0,1.0,98.0,0.0,0.0,0.0,0.0,1.0,99.0,0.0,0.0,0.0,1.010,1.010,97.980,0.0,0.0,0.0,276037632.0,270563840.0,808124416.0,48567693312.0,0.0,69632.0,5.200,0.0,7.0
1519587194.456,2.008,1.631,96.361,0.0,0.0,0.0,1.010,1.010,97.980,0.0,0.0,0.0,1.0,4.0,95.0,0.0,0.0,0.0,3.061,0.0,96.939,0.0,0.0,0.0,1.010,1.010,97.980,0.0,0.0,0.0,0.0,0.0,100.0,0.0,0.0,0.0,9.091,5.051,85.859,0.0,0.0,0.0,0.0,0.0,100.0,0.0,0.0,0.0,0.980,1.961,97.059,0.0,0.0,0.0,276037632.0,270563840.0,808124416.0,48567058432.0,0.0,139264.0,7.600,0.0,8.0
1519587195.456,2.010,1.382,94.472,2.136,0.0,0.0,0.0,0.0,100.0,0.0,0.0,0.0,1.0,0.0,88.0,11.0,0.0,0.0,4.040,1.010,94.949,0.0,0.0,0.0,0.980,0.980,91.176,6.863,0.0,0.0,9.901,4.950,85.149,0.0,0.0,0.0,0.0,1.961,97.059,0.980,0.0,0.0,1.0,1.0,98.0,0.0,0.0,0.0,0.0,1.020,98.980,0.0,0.0,0.0,276037632.0,270563840.0,808157184.0,48567820288.0,0.0,110592.0,11.600,0.0,15.0
1519587196.456,2.125,1.500,96.250,0.125,0.0,0.0,0.0,1.0,99.0,0.0,0.0,0.0,0.990,2.970,95.050,0.990,0.0,0.0,4.0,2.0,94.0,0.0,0.0,0.0,10.204,2.041,87.755,0.0,0.0,0.0,0.0,0.0,100.0,0.0,0.0,0.0,0.0,1.010,98.990,0.0,0.0,0.0,0.0,1.0,99.0,0.0,0.0,0.0,1.0,2.0,97.0,0.0,0.0,0.0,276037632.0,270563840.0,808157184.0,48568582144.0,0.0,110592.0,11.600,0.0,10.0
1519587197.456,2.750,1.375,94.250,1.625,0.0,0.0,5.825,0.971,91.262,1.942,0.0,0.0,2.0,3.0,90.0,5.0,0.0,0.0,12.0,3.0,85.0,0.0,0.0,0.0,0.990,1.980,92.079,4.950,0.0,0.0,0.990,1.980,97.030,0.0,0.0,0.0,1.0,0.0,99.0,0.0,0.0,0.0,0.0,0.0,100.0,0.0,0.0,0.0,0.990,0.990,98.020,0.0,0.0,0.0,276037632.0,270561792.0,808161280.0,48566771712.0,0.0,16384.0,0.800,0.0,4.0
1519587198.456,2.500,1.875,95.250,0.375,0.0,0.0,11.111,3.030,85.859,0.0,0.0,0.0,0.0,2.0,94.0,4.0,0.0,0.0,3.093,1.031,95.876,0.0,0.0,0.0,0.0,1.0,99.0,0.0,0.0,0.0,1.0,1.0,98.0,0.0,0.0,0.0,0.0,2.0,98.0,0.0,0.0,0.0,1.010,1.010,97.980,0.0,0.0,0.0,1.0,2.0,97.0,0.0,0.0,0.0,276037632.0,270531072.0,808153088.0,48566611968.0,0.0,65536.0,3.600,0.0,7.0
1519587199.456,2.740,2.242,94.894,0.125,0.0,0.0,5.941,2.970,91.089,0.0,0.0,0.0,9.901,3.960,86.139,0.0,0.0,0.0,1.980,2.970,95.050,0.0,0.0,0.0,1.0,1.0,98.0,0.0,0.0,0.0,1.980,3.960,94.059,0.0,0.0,0.0,1.0,2.0,97.0,0.0,0.0,0.0,0.990,0.990,98.020,0.0,0.0,0.0,0.0,2.0,98.0,0.0,0.0,0.0,276037632.0,270561792.0,808161280.0,48566104064.0,0.0,172032.0,6.800,0.0,11.0
1519587200.456,2.013,1.132,95.975,0.881,0.0,0.0,1.010,1.010,97.980,0.0,0.0,0.0,0.990,0.0,92.079,6.931,0.0,0.0,4.040,1.010,94.949,0.0,0.0,0.0,0.0,0.0,100.0,0.0,0.0,0.0,0.0,1.010,98.990,0.0,0.0,0.0,0.0,1.980,98.020,0.0,0.0,0.0,11.0,3.0,86.0,0.0,0.0,0.0,1.0,1.0,98.0,0.0,0.0,0.0,276037632.0,270561792.0,808194048.0,48565596160.0,0.0,102400.0,5.200,0.0,11.0
1519587201.456,2.500,1.375,95.0,1.125,0.0,0.0,1.0,3.0,96.0,0.0,0.0,0.0,0.0,1.010,95.960,3.030,0.0,0.0,2.020,1.010,96.970,0.0,0.0,0.0,12.0,4.0,78.0,6.0,0.0,0.0,1.0,0.0,99.0,0.0,0.0,0.0,0.0,0.0,100.0,0.0,0.0,0.0,2.0,1.0,97.0,0.0,0.0,0.0,0.0,1.0,99.0,0.0,0.0,0.0,276037632.0,270561792.0,808198144.0,48566358016.0,0.0,20480.0,6.0,0.0,5.0
1519587202.456,2.256,1.378,95.489,0.877,0.0,0.0,1.010,1.010,97.980,0.0,0.0,0.0,0.0,1.010,95.960,3.030,0.0,0.0,12.0,2.0,86.0,0.0,0.0,0.0,0.990,0.990,95.050,2.970,0.0,0.0,3.0,2.0,95.0,0.0,0.0,0.0,1.0,1.0,98.0,0.0,0.0,0.0,0.0,0.0,100.0,0.0,0.0,0.0,0.0,2.020,97.980,0.0,0.0,0.0,276037632.0,270567936.0,808202240.0,48566484992.0,0.0,86016.0,6.400,0.0,10.0
1519587203.456,2.622,1.498,95.381,0.499,0.0,0.0,1.0,1.0,98.0,0.0,0.0,0.0,0.990,1.980,97.030,0.0,0.0,0.0,1.0,1.0,98.0,0.0,0.0,0.0,1.010,1.010,93.939,4.040,0.0,0.0,3.030,1.010,95.960,0.0,0.0,0.0,0.0,1.010,98.990,0.0,0.0,0.0,2.0,2.0,96.0,0.0,0.0,0.0,12.0,2.0,86.0,0.0,0.0,0.0,276037632.0,270572032.0,808202240.0,48566276096.0,0.0,61440.0,4.800,0.0,7.0
1519587204.456,2.886,1.631,95.483,0.0,0.0,0.0,2.020,3.030,94.949,0.0,0.0,0.0,0.0,1.010,98.990,0.0,0.0,0.0,11.0,4.0,85.0,0.0,0.0,0.0,1.0,2.0,97.0,0.0,0.0,0.0,2.970,0.0,97.030,0.0,0.0,0.0,0.0,1.0,99.0,0.0,0.0,0.0,5.0,1.0,94.0,0.0,0.0,0.0,1.0,2.0,97.0,0.0,0.0,0.0,276037632.0,270567936.0,808202240.0,48566706176.0,0.0,147456.0,7.200,0.0,8.0
1519587205.456,2.503,1.126,94.493,1.877,0.0,0.0,11.111,3.030,85.859,0.0,0.0,0.0,1.0,2.0,92.0,5.0,0.0,0.0,0.0,0.0,100.0,0.0,0.0,0.0,0.990,0.990,87.129,10.891,0.0,0.0,0.0,1.0,99.0,0.0,0.0,0.0,0.0,1.010,98.990,0.0,0.0,0.0,4.950,0.0,95.050,0.0,0.0,0.0,2.0,1.0,97.0,0.0,0.0,0.0,276037632.0,270561792.0,808235008.0,48566579200.0,0.0,110592.0,9.200,0.0,16.0
1519587206.456,2.253,1.377,95.369,1.001,0.0,0.0,1.980,0.990,97.030,0.0,0.0,0.0,0.990,0.990,94.059,3.960,0.0,0.0,0.990,1.980,97.030,0.0,0.0,0.0,0.0,0.0,96.970,3.030,0.0,0.0,3.0,1.0,96.0,0.0,0.0,0.0,1.0,3.0,96.0,0.0,0.0,0.0,11.0,3.0,86.0,0.0,0.0,0.0,0.0,0.0,100.0,0.0,0.0,0.0,276037632.0,270561792.0,808235008.0,48565563392.0,0.0,94208.0,7.600,0.0,10.0
1519587207.456,2.256,1.378,96.366,0.0,0.0,0.0,0.0,2.0,98.0,0.0,0.0,0.0,0.0,1.010,98.990,0.0,0.0,0.0,1.010,2.020,96.970,0.0,0.0,0.0,12.121,2.020,85.859,0.0,0.0,0.0,3.0,2.0,95.0,0.0,0.0,0.0,0.0,0.990,99.010,0.0,0.0,0.0,1.010,0.0,98.990,0.0,0.0,0.0,0.0,1.0,99.0,0.0,0.0,0.0,276037632.0,270561792.0,808235008.0,48565817344.0,0.0,16384.0,0.0,0.0,4.0
1519587208.456,2.625,1.625,95.125,0.625,0.0,0.0,1.0,0.0,99.0,0.0,0.0,0.0,1.980,0.990,97.030,0.0,0.0,0.0,0.0,3.0,97.0,0.0,0.0,0.0,0.990,0.990,93.069,4.950,0.0,0.0,15.0,5.0,80.0,0.0,0.0,0.0,0.0,1.010,98.990,0.0,0.0,0.0,1.0,1.0,98.0,0.0,0.0,0.0,1.010,1.010,97.980,0.0,0.0,0.0,276037632.0,270561792.0,808235008.0,48566181888.0,0.0,69632.0,5.200,0.0,7.0
1519587209.456,2.387,1.759,95.854,0.0,0.0,0.0,0.0,2.020,97.980,0.0,0.0,0.0,1.010,0.0,98.990,0.0,0.0,0.0,1.010,1.010,97.980,0.0,0.0,0.0,0.0,1.010,98.990,0.0,0.0,0.0,2.0,2.0,96.0,0.0,0.0,0.0,13.0,5.0,82.0,0.0,0.0,0.0,3.0,3.0,94.0,0.0,0.0,0.0,0.0,0.0,99.0,1.0,0.0,0.0,276037632.0,270561792.0,808235008.0,48566644736.0,0.0,151552.0,7.600,0.0,8.0
1519587210.456,2.258,1.255,94.730,1.757,0.0,0.0,0.0,1.010,98.990,0.0,0.0,0.0,1.0,1.0,91.0,7.0,0.0,0.0,0.0,1.980,98.020,0.0,0.0,0.0,0.0,0.990,92.079,6.931,0.0,0.0,1.010,1.010,97.980,0.0,0.0,0.0,0.0,1.010,98.990,0.0,0.0,0.0,2.041,0.0,97.959,0.0,0.0,0.0,12.0,3.0,85.0,0.0,0.0,0.0,276037632.0,270572032.0,808259584.0,48566263808.0,0.0,106496.0,10.800,0.0,15.0
1519587211.456,2.247,1.498,95.131,1.124,0.0,0.0,0.990,1.980,97.030,0.0,0.0,0.0,0.0,0.990,94.059,4.950,0.0,0.0,1.020,0.0,98.980,0.0,0.0,0.0,0.990,0.990,94.059,3.960,0.0,0.0,11.0,5.0,84.0,0.0,0.0,0.0,0.0,0.990,99.010,0.0,0.0,0.0,5.0,2.0,93.0,0.0,0.0,0.0,1.0,0.0,99.0,0.0,0.0,0.0,276037632.0,270561792.0,808267776.0,48566898688.0,0.0,81920.0,8.400,0.0,10.0
1519587212.456,2.264,1.006,96.730,0.0,0.0,0.0,0.0,2.020,97.980,0.0,0.0,0.0,0.0,0.0,100.0,0.0,0.0,0.0,1.980,0.0,98.020,0.0,0.0,0.0,0.0,1.010,98.990,0.0,0.0,0.0,1.010,1.010,97.980,0.0,0.0,0.0,11.111,2.020,86.869,0.0,0.0,0.0,3.030,1.010,95.960,0.0,0.0,0.0,0.0,0.0,100.0,0.0,0.0,0.0,276037632.0,270569984.0,808271872.0,48565755904.0,0.0,16384.0,0.0,0.0,4.0
1519587213.456,2.506,1.253,95.113,1.003,0.0,0.125,1.0,1.0,98.0,0.0,0.0,0.0,1.961,3.922,90.196,3.922,0.0,0.0,0.0,2.020,97.980,0.0,0.0,0.0,0.980,0.980,93.137,3.922,0.0,0.980,0.0,0.0,100.0,0.0,0.0,0.0,11.224,3.061,85.714,0.0,0.0,0.0,5.0,0.0,95.0,0.0,0.0,0.0,1.0,1.0,98.0,0.0,0.0,0.0,276037632.0,270561792.0,808275968.0,48566263808.0,0.0,86016.0,8.400,0.0,10.0
1519587214.456,2.509,1.757,95.734,0.0,0.0,0.0,1.0,1.0,98.0,0.0,0.0,0.0,0.0,1.020,98.980,0.0,0.0,0.0,0.0,2.0,98.0,0.0,0.0,0.0,10.101,3.030,86.869,0.0,0.0,0.0,1.010,2.020,96.970,0.0,0.0,0.0,2.0,2.0,96.0,0.0,0.0,0.0,3.030,1.010,95.960,0.0,0.0,0.0,1.0,2.0,97.0,0.0,0.0,0.0,276037632.0,270561792.0,808275968.0,48565706752.0,0.0,1486848.0,7.200,0.0,6.0
1519587215.456,2.133,1.506,92.974,3.388,0.0,0.0,11.0,5.0,84.0,0.0,0.0,0.0,1.0,1.0,98.0,0.0,0.0,0.0,0.990,2.970,96.040,0.0,0.0,0.0,0.0,1.010,91.919,7.071,0.0,0.0,3.030,1.010,87.879,8.081,0.0,0.0,0.0,0.0,99.0,1.0,0.0,0.0,3.0,0.0,85.0,12.0,0.0,0.0,0.0,0.0,100.0,0.0,0.0,0.0,276037632.0,270565888.0,809754624.0,48565723136.0,0.0,1519616.0,20.800,0.0,42.0
1519587216.456,2.384,1.004,95.609,1.004,0.0,0.0,1.0,2.0,97.0,0.0,0.0,0.0,1.0,2.0,97.0,0.0,0.0,0.0,11.224,1.020,87.755,0.0,0.0,0.0,1.0,0.0,95.0,4.0,0.0,0.0,0.0,2.020,97.980,0.0,0.0,0.0,0.0,1.0,99.0,0.0,0.0,0.0,4.040,0.0,92.929,3.030,0.0,0.0,1.0,0.0,99.0,0.0,0.0,0.0,276037632.0,270561792.0,809746432.0,48564580352.0,0.0,86016.0,7.600,0.0,10.0
1519587217.456,2.258,1.129,96.612,0.0,0.0,0.0,0.0,0.0,100.0,0.0,0.0,0.0,11.0,2.0,87.0,0.0,0.0,0.0,0.0,1.0,99.0,0.0,0.0,0.0,0.0,0.0,100.0,0.0,0.0,0.0,3.960,1.980,94.059,0.0,0.0,0.0,1.0,2.0,97.0,0.0,0.0,0.0,2.020,1.010,96.970,0.0,0.0,0.0,0.0,1.0,99.0,0.0,0.0,0.0,276037632.0,270561792.0,809754624.0,48564580352.0,0.0,16384.0,0.0,0.0,4.0
1519587218.456,2.381,1.629,95.614,0.376,0.0,0.0,0.0,0.0,100.0,0.0,0.0,0.0,0.0,1.0,99.0,0.0,0.0,0.0,2.0,2.0,96.0,0.0,0.0,0.0,11.0,3.0,86.0,0.0,0.0,0.0,0.0,2.020,97.980,0.0,0.0,0.0,0.0,1.010,95.960,3.030,0.0,0.0,4.040,1.010,94.949,0.0,0.0,0.0,1.0,2.0,97.0,0.0,0.0,0.0,276037632.0,270561792.0,809762816.0,48564674560.0,0.0,77824.0,3.200,0.0,7.0
1519587219.456,2.638,1.256,95.980,0.126,0.0,0.0,0.0,3.0,97.0,0.0,0.0,0.0,0.0,1.010,98.990,0.0,0.0,0.0,0.0,0.0,100.0,0.0,0.0,0.0,0.0,0.0,100.0,0.0,0.0,0.0,2.020,2.020,95.960,0.0,0.0,0.0,14.0,3.0,83.0,0.0,0.0,0.0,2.041,0.0,97.959,0.0,0.0,0.0,1.0,2.0,97.0,0.0,0.0,0.0,276037632.0,270561792.0,809762816.0,48565178368.0,0.0,184320.0,6.800,0.0,12.0
1519587220.456,2.008,1.631,94.354,2.008,0.0,0.0,0.0,0.0,100.0,0.0,0.0,0.0,1.0,2.0,94.0,3.0,0.0,0.0,0.0,2.0,98.0,0.0,0.0,0.0,0.0,1.010,95.960,3.030,0.0,0.0,1.0,2.0,97.0,0.0,0.0,0.0,0.990,1.980,90.099,6.931,0.0,0.0,2.020,1.010,93.939,3.030,0.0,0.0,12.0,2.0,86.0,0.0,0.0,0.0,276037632.0,270565888.0,809795584.0,48564260864.0,0.0,163840.0,9.600,0.0,30.0
1519587221.456,2.378,1.252,95.620,0.751,0.0,0.0,1.0,2.0,97.0,0.0,0.0,0.0,0.0,2.0,95.0,3.0,0.0,0.0,0.0,1.0,99.0,0.0,0.0,0.0,0.0,0.990,95.050,3.960,0.0,0.0,1.010,1.010,97.980,0.0,0.0,0.0,0.0,1.0,99.0,0.0,0.0,0.0,4.950,0.0,95.050,0.0,0.0,0.0,11.881,2.970,85.149,0.0,0.0,0.0,276037632.0,270561792.0,809787392.0,48563945472.0,0.0,90112.0,6.800,0.0,10.0
1519587222.456,2.381,1.253,96.366,0.0,0.0,0.0,2.0,1.0,97.0,0.0,0.0,0.0,0.0,1.0,99.0,0.0,0.0,0.0,1.0,0.0,99.0,0.0,0.0,0.0,1.0,3.0,96.0,0.0,0.0,0.0,11.881,2.970,85.149,0.0,0.0,0.0,1.0,0.0,99.0,0.0,0.0,0.0,4.0,1.0,95.0,0.0,0.0,0.0,0.0,1.010,98.990,0.0,0.0,0.0,276037632.0,270561792.0,809795584.0,48563818496.0,0.0,16384.0,0.0,0.0,4.0
1519587223.456,2.384,1.380,95.609,0.627,0.0,0.0,1.010,1.010,96.970,1.010,0.0,0.0,1.980,0.990,97.030,0.0,0.0,0.0,0.0,1.0,99.0,0.0,0.0,0.0,11.111,4.040,80.808,4.040,0.0,0.0,0.0,2.041,97.959,0.0,0.0,0.0,1.010,0.0,98.990,0.0,0.0,0.0,3.030,0.0,96.970,0.0,0.0,0.0,0.0,2.0,98.0,0.0,0.0,0.0,276037632.0,270561792.0,809795584.0,48564359168.0,0.0,69632.0,4.400,0.0,7.0
1519587224.456,2.261,1.131,96.608,0.0,0.0,0.0,0.0,0.0,100.0,0.0,0.0,0.0,0.0,0.0,100.0,0.0,0.0,0.0,0.0,1.0,99.0,0.0,0.0,0.0,1.010,2.020,96.970,0.0,0.0,0.0,4.040,0.0,95.960,0.0,0.0,0.0,1.0,3.0,96.0,0.0,0.0,0.0,11.111,2.020,86.869,0.0,0.0,0.0,1.0,0.0,99.0,0.0,0.0,0.0,276037632.0,270531072.0,809799680.0,48564994048.0,0.0,159744.0,6.800,0.0,9.0
1519587225.456,2.375,2.250,92.875,2.500,0.0,0.0,10.891,3.960,85.149,0.0,0.0,0.0,0.0,4.0,90.0,6.0,0.0,0.0,0.0,1.0,99.0,0.0,0.0,0.0,0.0,0.990,85.149,13.861,0.0,0.0,2.0,2.0,96.0,0.0,0.0,0.0,0.0,2.0,98.0,0.0,0.0,0.0,2.0,1.0,97.0,0.0,0.0,0.0,3.0,4.0,93.0,0.0,0.0,0.0,276037632.0,270561792.0,809832448.0,48564084736.0,0.0,131072.0,14.400,0.0,18.0
1519587226.456,2.133,1.255,96.612,0.0,0.0,0.0,1.010,1.010,97.980,0.0,0.0,0.0,0.0,1.010,98.990,0.0,0.0,0.0,0.0,0.0,100.0,0.0,0.0,0.0,0.990,1.980,97.030,0.0,0.0,0.0,0.0,0.0,100.0,0.0,0.0,0.0,1.0,2.0,97.0,0.0,0.0,0.0,4.950,0.990,94.059,0.0,0.0,0.0,10.101,3.030,86.869,0.0,0.0,0.0,276037632.0,270561792.0,809824256.0,48564486144.0,0.0,118784.0,11.200,0.0,10.0
1519587227.456,2.882,1.003,94.486,1.629,0.0,0.0,0.0,0.0,100.0,0.0,0.0,0.0,0.0,1.010,88.889,10.101,0.0,0.0,0.990,0.990,98.020,0.0,0.0,0.0,0.0,1.010,96.970,2.020,0.0,0.0,0.0,1.0,99.0,0.0,0.0,0.0,13.0,2.0,85.0,0.0,0.0,0.0,8.0,0.0,92.0,0.0,0.0,0.0,1.980,2.970,95.050,0.0,0.0,0.0,276037632.0,270572032.0,809820160.0,48565325824.0,0.0,16384.0,0.0,0.0,4.0
1519587228.456,2.390,1.384,95.597,0.629,0.0,0.0,0.0,1.0,99.0,0.0,0.0,0.0,11.0,5.0,79.0,5.0,0.0,0.0,1.010,1.010,97.980,0.0,0.0,0.0,1.010,0.0,98.990,0.0,0.0,0.0,0.0,1.010,98.990,0.0,0.0,0.0,1.0,1.0,98.0,0.0,0.0,0.0,3.030,1.010,95.960,0.0,0.0,0.0,1.020,1.020,97.959,0.0,0.0,0.0,276037632.0,270559744.0,809840640.0,48563421184.0,0.0,69632.0,4.400,0.0,7.0
1519587229.456,2.628,1.126,96.245,0.0,0.0,0.0,0.0,0.0,100.0,0.0,0.0,0.0,0.0,1.010,98.990,0.0,0.0,0.0,1.010,0.0,98.990,0.0,0.0,0.0,1.0,1.0,98.0,0.0,0.0,0.0,16.0,1.0,83.0,0.0,0.0,0.0,1.0,2.0,97.0,0.0,0.0,0.0,1.980,0.990,97.030,0.0,0.0,0.0,0.0,1.0,99.0,0.0,0.0,0.0,276037632.0,270559744.0,809840640.0,48562995200.0,0.0,147456.0,7.200,0.0,8.0
1519587230.456,2.506,1.880,94.612,1.003,0.0,0.0,1.980,2.970,95.050,0.0,0.0,0.0,1.0,2.0,89.0,8.0,0.0,0.0,0.0,1.980,98.020,0.0,0.0,0.0,0.0,2.0,98.0,0.0,0.0,0.0,12.0,3.0,85.0,0.0,0.0,0.0,0.0,3.0,97.0,0.0,0.0,0.0,4.124,1.031,94.845,0.0,0.0,0.0,1.0,1.0,98.0,0.0,0.0,0.0,276037632.0,270559744.0,809873408.0,48563376128.0,0.0,110592.0,12.0,0.0,13.0
1519587231.456,2.008,1.380,95.483,1.129,0.0,0.0,0.0,1.020,98.980,0.0,0.0,0.0,0.0,2.0,94.0,4.0,0.0,0.0,0.0,0.0,100.0,0.0,0.0,0.0,0.0,1.0,95.0,4.0,0.0,0.0,1.0,2.0,97.0,0.0,0.0,0.0,0.0,0.0,98.990,1.010,0.0,0.0,3.960,0.990,95.050,0.0,0.0,0.0,10.101,3.030,86.869,0.0,0.0,0.0,276037632.0,270569984.0,809873408.0,48563757056.0,0.0,114688.0,0.400,0.0,28.0
1519587232.456,2.500,1.375,95.125,1.0,0.0,0.0,1.0,2.0,97.0,0.0,0.0,0.0,1.961,1.961,91.176,4.902,0.0,0.0,11.881,3.960,84.158,0.0,0.0,0.0,0.0,1.010,94.949,4.040,0.0,0.0,0.0,0.0,100.0,0.0,0.0,0.0,0.990,0.990,98.020,0.0,0.0,0.0,5.0,0.0,95.0,0.0,0.0,0.0,0.0,2.0,98.0,0.0,0.0,0.0,276037632.0,270564864.0,809877504.0,48561946624.0,0.0,98304.0,8.400,0.0,10.0
1519587233.456,2.384,1.631,95.483,0.502,0.0,0.0,0.0,1.0,99.0,0.0,0.0,0.0,1.0,2.0,93.0,4.0,0.0,0.0,0.0,1.010,98.990,0.0,0.0,0.0,2.0,0.0,98.0,0.0,0.0,0.0,11.111,2.020,86.869,0.0,0.0,0.0,0.0,4.040,95.960,0.0,0.0,0.0,4.040,0.0,95.960,0.0,0.0,0.0,1.010,1.010,97.980,0.0,0.0,0.0,276037632.0,270556672.0,809877504.0,48561463296.0,0.0,61440.0,4.400,0.0,7.0
1519587234.456,2.500,1.750,95.750,0.0,0.0,0.0,1.980,0.990,97.030,0.0,0.0,0.0,1.010,1.010,97.980,0.0,0.0,0.0,0.0,2.0,98.0,0.0,0.0,0.0,1.0,3.0,96.0,0.0,0.0,0.0,11.0,4.0,85.0,0.0,0.0,0.0,1.0,1.0,98.0,0.0,0.0,0.0,4.040,1.010,94.949,0.0,0.0,0.0,0.990,1.980,97.030,0.0,0.0,0.0,276037632.0,270556672.0,809877504.0,48560549888.0,0.0,147456.0,6.400,0.0,8.0
1519587235.456,2.882,1.629,93.358,2.130,0.0,0.0,0.0,1.010,98.990,0.0,0.0,0.0,1.0,2.0,88.0,9.0,0.0,0.0,1.0,2.0,97.0,0.0,0.0,0.0,1.0,2.0,93.0,4.0,0.0,0.0,1.0,2.0,97.0,0.0,0.0,0.0,1.0,2.0,97.0,0.0,0.0,0.0,6.061,1.010,90.909,2.020,0.0,0.0,11.0,3.0,86.0,0.0,0.0,0.0,276037632.0,270556672.0,809910272.0,48560832512.0,0.0,106496.0,11.200,0.0,15.0
1519587236.456,2.753,1.252,94.994,1.001,0.0,0.0,1.010,0.0,98.990,0.0,0.0,0.0,1.980,0.990,93.069,3.960,0.0,0.0,0.0,2.0,98.0,0.0,0.0,0.0,12.121,3.030,80.808,4.040,0.0,0.0,3.030,2.020,94.949,0.0,0.0,0.0,0.0,0.0,100.0,0.0,0.0,0.0,3.960,1.980,94.059,0.0,0.0,0.0,0.0,0.0,100.0,0.0,0.0,0.0,276037632.0,270556672.0,809918464.0,48560295936.0,0.0,81920.0,7.600,0.0,10.0
1519587237.456,2.503,1.126,96.370,0.0,0.0,0.0,0.0,2.0,98.0,0.0,0.0,0.0,11.111,2.020,86.869,0.0,0.0,0.0,1.0,0.0,99.0,0.0,0.0,0.0,0.990,0.0,99.010,0.0,0.0,0.0,5.941,0.990,93.069,0.0,0.0,0.0,1.010,0.0,98.990,0.0,0.0,0.0,0.0,1.010,98.990,0.0,0.0,0.0,0.0,0.0,100.0,0.0,0.0,0.0,276037632.0,270556672.0,809918464.0,48559788032.0,0.0,16384.0,0.0,0.0,4.0
1519587238.456,2.509,1.882,95.232,0.376,0.0,0.0,0.0,1.010,98.990,0.0,0.0,0.0,12.0,3.0,85.0,0.0,0.0,0.0,1.0,1.0,98.0,0.0,0.0,0.0,0.0,3.0,93.0,4.0,0.0,0.0,3.0,2.0,95.0,0.0,0.0,0.0,2.970,1.980,95.050,0.0,0.0,0.0,1.020,1.020,97.959,0.0,0.0,0.0,0.0,2.020,97.980,0.0,0.0,0.0,276037632.0,270558720.0,809918464.0,48560422912.0,0.0,65536.0,3.200,0.0,7.0
1519587239.456,2.136,1.256,96.608,0.0,0.0,0.0,0.0,1.0,99.0,0.0,0.0,0.0,0.990,0.990,98.020,0.0,0.0,0.0,0.0,0.0,100.0,0.0,0.0,0.0,1.0,2.0,97.0,0.0,0.0,0.0,3.093,1.031,95.876,0.0,0.0,0.0,11.111,2.020,86.869,0.0,0.0,0.0,0.990,0.990,98.020,0.0,0.0,0.0,0.0,2.970,97.030,0.0,0.0,0.0,276037632.0,270556672.0,809918464.0,48559915008.0,0.0,139264.0,6.800,0.0,8.0
1519587240.456,2.645,1.637,93.955,1.763,0.0,0.0,0.0,1.0,99.0,0.0,0.0,0.0,0.0,2.020,94.949,3.030,0.0,0.0,1.010,2.020,96.970,0.0,0.0,0.0,2.0,3.0,85.0,10.0,0.0,0.0,4.0,2.0,94.0,0.0,0.0,0.0,11.111,2.020,86.869,0.0,0.0,0.0,2.041,0.0,97.959,0.0,0.0,0.0,1.0,2.0,97.0,0.0,0.0,0.0,276037632.0,270558720.0,809951232.0,48561180672.0,0.0,106496.0,9.600,0.0,15.0
1519587241.456,2.503,1.502,95.119,0.876,0.0,0.0,1.020,1.020,97.959,0.0,0.0,0.0,0.990,0.990,94.059,3.960,0.0,0.0,0.990,0.990,98.020,0.0,0.0,0.0,0.0,0.0,96.0,4.0,0.0,0.0,2.0,2.0,96.0,0.0,0.0,0.0,12.0,3.0,85.0,0.0,0.0,0.0,3.030,2.020,94.949,0.0,0.0,0.0,0.0,1.0,99.0,0.0,0.0,0.0,276037632.0,270556672.0,809951232.0,48560152576.0,0.0,81920.0,6.800,0.0,10.0
1519587242.456,2.258,1.380,96.361,0.0,0.0,0.0,0.0,1.0,99.0,0.0,0.0,0.0,0.0,1.0,99.0,0.0,0.0,0.0,11.0,5.0,84.0,0.0,0.0,0.0,0.990,2.970,96.040,0.0,0.0,0.0,1.010,1.010,97.980,0.0,0.0,0.0,0.0,1.0,99.0,0.0,0.0,0.0,4.082,0.0,95.918,0.0,0.0,0.0,1.0,1.0,98.0,0.0,0.0,0.0,276037632.0,270559744.0,809947136.0,48561455104.0,0.0,16384.0,0.0,0.0,4.0
1519587243.456,2.757,1.128,95.614,0.501,0.0,0.0,13.131,3.030,83.838,0.0,0.0,0.0,2.0,2.0,96.0,0.0,0.0,0.0,0.0,1.010,98.990,0.0,0.0,0.0,0.0,1.020,95.918,3.061,0.0,0.0,1.0,0.0,99.0,0.0,0.0,0.0,0.990,0.0,98.020,0.990,0.0,0.0,4.0,1.0,95.0,0.0,0.0,0.0,1.0,0.0,99.0,0.0,0.0,0.0,276037632.0,270561792.0,809951232.0,48563851264.0,0.0,77824.0,3.600,0.0,7.0
1519587244.456,2.384,1.129,96.487,0.0,0.0,0.0,1.0,1.0,98.0,0.0,0.0,0.0,0.0,2.020,97.980,0.0,0.0,0.0,1.0,0.0,99.0,0.0,0.0,0.0,0.990,1.980,97.030,0.0,0.0,0.0,13.131,2.020,84.848,0.0,0.0,0.0,0.0,0.0,100.0,0.0,0.0,0.0,3.061,0.0,96.939,0.0,0.0,0.0,0.0,1.010,98.990,0.0,0.0,0.0,276037632.0,270561792.0,809951232.0,48564027392.0,0.0,151552.0,7.200,0.0,8.0
1519587245.456,2.879,1.502,93.367,2.253,0.0,0.0,1.0,0.0,99.0,0.0,0.0,0.0,1.980,1.980,90.099,5.941,0.0,0.0,0.0,2.041,97.959,0.0,0.0,0.0,0.990,2.970,85.149,10.891,0.0,0.0,12.121,1.010,86.869,0.0,0.0,0.0,0.0,0.0,100.0,0.0,0.0,0.0,4.0,2.0,94.0,0.0,0.0,0.0,2.970,1.980,94.059,0.990,0.0,0.0,276037632.0,270565888.0,809988096.0,48563646464.0,0.0,110592.0,10.800,0.0,15.0
1519587246.456,2.258,1.506,93.726,2.509,0.0,0.0,12.121,3.030,84.848,0.0,0.0,0.0,0.0,0.0,95.960,4.040,0.0,0.0,0.0,1.980,98.020,0.0,0.0,0.0,0.0,2.0,82.0,16.0,0.0,0.0,1.980,0.990,97.030,0.0,0.0,0.0,0.0,0.990,99.010,0.0,0.0,0.0,3.0,2.0,95.0,0.0,0.0,0.0,1.010,2.020,96.970,0.0,0.0,0.0,276037632.0,270561792.0,809979904.0,48563265536.0,0.0,225280.0,20.0,0.0,23.0
1519587247.456,2.381,1.253,96.366,0.0,0.0,0.0,0.990,0.990,98.020,0.0,0.0,0.0,1.0,0.0,99.0,0.0,0.0,0.0,0.0,2.0,98.0,0.0,0.0,0.0,1.980,0.990,97.030,0.0,0.0,0.0,10.101,5.051,84.848,0.0,0.0,0.0,5.0,1.0,94.0,0.0,0.0,0.0,0.0,0.0,100.0,0.0,0.0,0.0,0.0,1.0,99.0,0.0,0.0,0.0,276037632.0,270561792.0,809988096.0,48563138560.0,0.0,16384.0,0.400,0.0,4.0
1519587248.456,2.500,1.750,95.250,0.500,0.0,0.0,0.0,1.010,98.990,0.0,0.0,0.0,0.0,2.0,94.0,4.0,0.0,0.0,1.010,3.030,95.960,0.0,0.0,0.0,1.010,0.0,98.990,0.0,0.0,0.0,0.990,1.980,97.030,0.0,0.0,0.0,5.941,0.990,92.079,0.0,0.0,0.990,0.0,2.0,98.0,0.0,0.0,0.0,11.111,2.020,86.869,0.0,0.0,0.0,276037632.0,270563840.0,809984000.0,48565510144.0,0.0,73728.0,4.0,0.0,7.0
1519587249.456,2.632,1.128,96.115,0.0,0.0,0.125,1.010,1.010,97.980,0.0,0.0,0.0,1.0,1.0,98.0,0.0,0.0,0.0,0.980,0.980,97.059,0.0,0.0,0.980,11.111,2.020,86.869,0.0,0.0,0.0,0.0,0.0,100.0,0.0,0.0,0.0,3.0,1.0,96.0,0.0,0.0,0.0,1.0,0.0,99.0,0.0,0.0,0.0,4.0,1.0,95.0,0.0,0.0,0.0,276037632.0,270561792.0,809992192.0,48564916224.0,0.0,139264.0,6.400,0.0,8.0
1519587250.456,2.506,1.128,94.361,2.005,0.0,0.0,1.980,1.980,96.040,0.0,0.0,0.0,1.0,0.0,91.0,8.0,0.0,0.0,0.0,0.0,100.0,0.0,0.0,0.0,0.0,0.990,91.089,7.921,0.0,0.0,1.010,2.020,96.970,0.0,0.0,0.0,13.861,3.960,82.178,0.0,0.0,0.0,1.020,0.0,98.980,0.0,0.0,0.0,1.0,1.0,98.0,0.0,0.0,0.0,276037632.0,270531072.0,810008576.0,48563392512.0,0.0,114688.0,11.200,0.0,15.0
1519587251.456,2.760,1.506,94.730,1.004,0.0,0.0,1.980,1.980,96.040,0.0,0.0,0.0,0.0,2.020,93.939,4.040,0.0,0.0,1.0,1.0,98.0,0.0,0.0,0.0,0.0,1.010,94.949,4.040,0.0,0.0,12.0,3.0,85.0,0.0,0.0,0.0,4.082,0.0,95.918,0.0,0.0,0.0,1.0,2.0,97.0,0.0,0.0,0.0,2.0,2.0,96.0,0.0,0.0,0.0,276037632.0,270561792.0,810029056.0,48562630656.0,0.0,77824.0,8.400,0.0,10.0
1519587252.456,2.384,1.380,96.236,0.0,0.0,0.0,0.0,1.0,99.0,0.0,0.0,0.0,1.0,0.0,99.0,0.0,0.0,0.0,1.0,2.0,97.0,0.0,0.0,0.0,0.990,1.980,97.030,0.0,0.0,0.0,11.111,2.020,86.869,0.0,0.0,0.0,2.020,1.010,96.970,0.0,0.0,0.0,2.020,0.0,97.980,0.0,0.0,0.0,1.010,2.020,96.970,0.0,0.0,0.0,276037632.0,270572032.0,810029056.0,48562757632.0,0.0,16384.0,0.0,0.0,4.0
1519587253.456,2.506,1.378,95.614,0.501,0.0,0.0,0.0,1.010,98.990,0.0,0.0,0.0,1.0,1.0,98.0,0.0,0.0,0.0,0.0,0.0,100.0,0.0,0.0,0.0,1.0,0.0,95.0,4.0,0.0,0.0,0.0,2.0,98.0,0.0,0.0,0.0,3.960,2.970,93.069,0.0,0.0,0.0,0.0,0.0,100.0,0.0,0.0,0.0,13.0,4.0,83.0,0.0,0.0,0.0,276037632.0,270561792.0,810029056.0,48563392512.0,0.0,69632.0,3.600,0.0,7.0
1519587254.456,2.133,1.380,96.487,0.0,0.0,0.0,0.0,2.020,97.980,0.0,0.0,0.0,1.010,0.0,98.990,0.0,0.0,0.0,0.0,2.970,96.040,0.990,0.0,0.0,0.0,0.0,100.0,0.0,0.0,0.0,1.0,1.0,98.0,0.0,0.0,0.0,1.020,0.0,98.980,0.0,0.0,0.0,11.0,3.0,86.0,0.0,0.0,0.0,2.970,0.990,96.040,0.0,0.0,0.0,276037632.0,270561792.0,810029056.0,48562757632.0,0.0,143360.0,6.400,0.0,8.0
1519587255.456,2.130,1.378,94.737,1.754,0.0,0.0,0.0,0.0,100.0,0.0,0.0,0.0,0.990,0.990,92.079,5.941,0.0,0.0,1.0,2.0,97.0,0.0,0.0,0.0,0.0,2.020,90.909,7.071,0.0,0.0,0.0,0.0,100.0,0.0,0.0,0.0,4.040,0.0,95.960,0.0,0.0,0.0,1.0,2.0,97.0,0.0,0.0,0.0,10.101,4.040,85.859,0.0,0.0,0.0,276037632.0,270563840.0,810061824.0,48563265536.0,0.0,126976.0,14.0,0.0,15.0
1519587256.456,2.760,1.757,94.605,0.878,0.0,0.0,12.121,2.020,85.859,0.0,0.0,0.0,1.010,2.020,96.970,0.0,0.0,0.0,0.0,2.0,97.0,1.0,0.0,0.0,1.0,3.0,91.0,5.0,0.0,0.0,1.0,2.0,97.0,0.0,0.0,0.0,5.941,1.980,92.079,0.0,0.0,0.0,0.0,2.0,98.0,0.0,0.0,0.0,0.0,1.010,97.980,1.010,0.0,0.0,276037632.0,270567936.0,810061824.0,48564326400.0,0.0,90112.0,6.800,0.0,10.0
1519587257.456,2.519,1.008,95.592,0.882,0.0,0.0,2.0,2.0,96.0,0.0,0.0,0.0,0.990,0.990,91.089,6.931,0.0,0.0,2.020,0.0,97.980,0.0,0.0,0.0,11.224,2.041,86.735,0.0,0.0,0.0,1.010,0.0,98.990,0.0,0.0,0.0,1.020,0.0,98.980,0.0,0.0,0.0,0.0,1.0,99.0,0.0,0.0,0.0,3.030,1.010,95.960,0.0,0.0,0.0,276037632.0,270561792.0,810061824.0,48563519488.0,0.0,16384.0,0.0,0.0,4.0
1519587258.456,2.378,1.627,95.494,0.375,0.0,0.125,0.990,0.990,98.020,0.0,0.0,0.0,0.0,1.020,98.980,0.0,0.0,0.0,10.784,3.922,85.294,0.0,0.0,0.0,1.0,2.0,94.0,3.0,0.0,0.0,0.990,0.0,98.020,0.0,0.0,0.990,3.960,0.990,94.059,0.990,0.0,0.0,0.0,1.010,98.990,0.0,0.0,0.0,2.020,2.020,95.960,0.0,0.0,0.0,276037632.0,270561792.0,810061824.0,48563011584.0,0.0,61440.0,3.600,0.0,7.0
1519587259.456,3.125,1.0,95.875,0.0,0.0,0.0,13.131,2.020,84.848,0.0,0.0,0.0,0.990,0.990,98.020,0.0,0.0,0.0,1.010,2.020,96.970,0.0,0.0,0.0,0.990,1.980,97.030,0.0,0.0,0.0,1.0,1.0,98.0,0.0,0.0,0.0,2.020,0.0,97.980,0.0,0.0,0.0,1.020,0.0,98.980,0.0,0.0,0.0,3.960,0.990,95.050,0.0,0.0,0.0,276037632.0,270561792.0,810061824.0,48564916224.0,0.0,139264.0,6.800,0.0,8.0
1519587260.456,2.125,1.750,94.875,1.250,0.0,0.0,1.980,1.980,96.040,0.0,0.0,0.0,0.0,2.020,96.970,1.010,0.0,0.0,1.010,0.0,98.990,0.0,0.0,0.0,0.0,2.020,90.909,7.071,0.0,0.0,0.0,1.010,98.990,0.0,0.0,0.0,13.725,4.902,81.373,0.0,0.0,0.0,0.0,2.0,98.0,0.0,0.0,0.0,1.010,0.0,98.990,0.0,0.0,0.0,276037632.0,270561792.0,810102784.0,48563265536.0,0.0,98304.0,5.600,0.0,10.0
1519587261.456,2.513,1.759,94.849,0.879,0.0,0.0,0.0,2.970,97.030,0.0,0.0,0.0,1.0,1.0,94.0,4.0,0.0,0.0,0.990,1.980,97.030,0.0,0.0,0.0,0.0,0.0,96.0,4.0,0.0,0.0,0.0,3.030,96.970,0.0,0.0,0.0,11.224,3.061,85.714,0.0,0.0,0.0,1.010,2.020,96.970,0.0,0.0,0.0,4.0,0.0,96.0,0.0,0.0,0.0,276037632.0,270565888.0,810102784.0,48562786304.0,0.0,176128.0,5.600,0.0,34.0
1519587262.456,2.635,0.878,94.730,1.757,0.0,0.0,1.010,0.0,97.980,0.0,0.0,1.010,0.990,0.990,94.059,3.960,0.0,0.0,0.0,0.0,100.0,0.0,0.0,0.0,2.0,1.0,87.0,10.0,0.0,0.0,12.0,3.0,85.0,0.0,0.0,0.0,1.0,1.0,98.0,0.0,0.0,0.0,0.990,0.990,98.020,0.0,0.0,0.0,3.030,1.010,95.960,0.0,0.0,0.0,276037632.0,270572032.0,810102784.0,48563183616.0,0.0,106496.0,13.200,0.0,10.0
1519587263.456,2.632,1.253,95.489,0.627,0.0,0.0,0.0,0.0,100.0,0.0,0.0,0.0,12.0,4.0,79.0,5.0,0.0,0.0,0.0,1.010,98.990,0.0,0.0,0.0,3.0,1.0,96.0,0.0,0.0,0.0,2.0,0.0,98.0,0.0,0.0,0.0,0.0,1.980,98.020,0.0,0.0,0.0,0.0,1.0,99.0,0.0,0.0,0.0,5.941,0.0,94.059,0.0,0.0,0.0,276037632.0,270561792.0,810090496.0,48564092928.0,0.0,73728.0,5.200,0.0,7.0
1519587264.456,2.381,1.253,96.366,0.0,0.0,0.0,0.0,1.0,99.0,0.0,0.0,0.0,0.0,0.0,100.0,0.0,0.0,0.0,0.0,2.0,98.0,0.0,0.0,0.0,0.0,1.980,98.020,0.0,0.0,0.0,12.0,2.0,86.0,0.0,0.0,0.0,5.0,0.0,95.0,0.0,0.0,0.0,0.0,1.010,98.990,0.0,0.0,0.0,0.0,3.061,96.939,0.0,0.0,0.0,276037632.0,270565888.0,810098688.0,48564613120.0,0.0,151552.0,6.400,0.0,8.0
1519587265.456,2.503,1.252,93.867,2.378,0.0,0.0,2.0,1.0,97.0,0.0,0.0,0.0,2.0,1.0,84.0,13.0,0.0,0.0,0.0,1.010,98.990,0.0,0.0,0.0,1.010,0.0,95.960,3.030,0.0,0.0,10.891,2.970,86.139,0.0,0.0,0.0,3.030,1.010,95.960,0.0,0.0,0.0,0.0,2.0,96.0,2.0,0.0,0.0,1.980,1.980,96.040,0.0,0.0,0.0,276037632.0,270567936.0,810135552.0,48563945472.0,0.0,110592.0,12.800,0.0,15.0
1519587266.456,2.767,1.509,93.836,1.887,0.0,0.0,0.0,0.0,99.0,1.0,0.0,0.0,13.131,2.020,80.808,4.040,0.0,0.0,0.0,2.020,97.980,0.0,0.0,0.0,2.0,3.0,84.0,11.0,0.0,0.0,0.0,1.020,98.980,0.0,0.0,0.0,3.0,1.0,96.0,0.0,0.0,0.0,0.0,0.0,100.0,0.0,0.0,0.0,4.0,1.0,95.0,0.0,0.0,0.0,276037632.0,270561792.0,810127360.0,48563736576.0,0.0,163840.0,14.800,0.0,30.0
1519587267.456,2.253,1.377,96.370,0.0,0.0,0.0,1.010,0.0,98.990,0.0,0.0,0.0,12.0,2.0,86.0,0.0,0.0,0.0,0.0,0.0,100.0,0.0,0.0,0.0,0.0,1.0,99.0,0.0,0.0,0.0,0.0,0.990,99.010,0.0,0.0,0.0,4.0,1.0,95.0,0.0,0.0,0.0,0.0,1.010,98.990,0.0,0.0,0.0,1.0,5.0,94.0,0.0,0.0,0.0,276037632.0,270572032.0,810135552.0,48563896320.0,0.0,16384.0,0.0,0.0,4.0
1519587268.456,2.384,1.631,94.479,1.506,0.0,0.0,0.0,3.030,96.970,0.0,0.0,0.0,1.010,2.020,96.970,0.0,0.0,0.0,0.0,0.990,99.010,0.0,0.0,0.0,11.111,4.040,72.727,12.121,0.0,0.0,1.0,1.0,98.0,0.0,0.0,0.0,4.0,0.0,96.0,0.0,0.0,0.0,0.0,1.980,98.020,0.0,0.0,0.0,1.0,1.0,98.0,0.0,0.0,0.0,276037632.0,270561792.0,810139648.0,48562196480.0,0.0,77824.0,12.800,0.0,7.0
1519587269.456,2.500,1.375,96.125,0.0,0.0,0.0,1.980,0.990,97.030,0.0,0.0,0.0,0.980,1.961,97.059,0.0,0.0,0.0,2.0,1.0,97.0,0.0,0.0,0.0,11.881,2.970,85.149,0.0,0.0,0.0,0.0,1.0,99.0,0.0,0.0,0.0,3.030,1.010,95.960,0.0,0.0,0.0,1.0,1.0,98.0,0.0,0.0,0.0,0.0,1.010,98.990,0.0,0.0,0.0,276037632.0,270561792.0,810139648.0,48562610176.0,0.0,147456.0,6.400,0.0,8.0
1519587270.456,2.506,1.378,93.358,2.757,0.0,0.0,11.224,2.041,86.735,0.0,0.0,0.0,2.0,3.0,91.0,4.0,0.0,0.0,0.0,1.0,98.0,1.0,0.0,0.0,1.0,1.0,82.0,16.0,0.0,0.0,1.0,1.0,98.0,0.0,0.0,0.0,4.082,0.0,95.918,0.0,0.0,0.0,0.0,2.020,95.960,2.020,0.0,0.0,0.0,1.0,99.0,0.0,0.0,0.0,276037632.0,270561792.0,810168320.0,48562483200.0,0.0,114688.0,17.200,0.0,15.0
1519587271.456,2.506,1.629,94.862,1.003,0.0,0.0,0.990,0.990,98.020,0.0,0.0,0.0,0.990,0.990,93.069,4.950,0.0,0.0,0.0,2.0,98.0,0.0,0.0,0.0,1.980,0.990,93.069,3.960,0.0,0.0,0.0,0.0,100.0,0.0,0.0,0.0,4.0,2.0,94.0,0.0,0.0,0.0,0.0,2.020,97.980,0.0,0.0,0.0,12.0,4.0,84.0,0.0,0.0,0.0,276037632.0,270565888.0,810180608.0,48563019776.0,0.0,77824.0,7.200,0.0,10.0
1519587272.456,2.375,1.625,95.875,0.125,0.0,0.0,2.0,2.0,96.0,0.0,0.0,0.0,0.0,1.0,99.0,0.0,0.0,0.0,9.901,4.950,85.149,0.0,0.0,0.0,0.0,1.010,98.990,0.0,0.0,0.0,1.980,0.990,97.030,0.0,0.0,0.0,2.0,2.0,96.0,0.0,0.0,0.0,1.0,1.0,98.0,0.0,0.0,0.0,4.0,0.0,96.0,0.0,0.0,0.0,276037632.0,270567936.0,810176512.0,48563023872.0,0.0,81920.0,0.0,0.0,17.0
1519587273.456,3.137,4.642,91.844,0.376,0.0,0.0,2.020,4.040,93.939,0.0,0.0,0.0,1.0,8.0,91.0,0.0,0.0,0.0,1.961,4.902,93.137,0.0,0.0,0.0,0.0,4.082,92.857,3.061,0.0,0.0,1.020,2.041,96.939,0.0,0.0,0.0,3.093,2.062,94.845,0.0,0.0,0.0,12.871,5.941,81.188,0.0,0.0,0.0,2.041,4.082,93.878,0.0,0.0,0.0,276037632.0,270572032.0,810184704.0,48563372032.0,0.0,106496.0,3.600,0.0,7.0
1519587274.456,2.635,1.129,96.236,0.0,0.0,0.0,1.980,2.970,95.050,0.0,0.0,0.0,1.0,0.0,99.0,0.0,0.0,0.0,0.0,1.0,99.0,0.0,0.0,0.0,1.980,0.0,98.020,0.0,0.0,0.0,1.0,1.0,98.0,0.0,0.0,0.0,3.0,1.0,96.0,0.0,0.0,0.0,2.020,2.020,95.960,0.0,0.0,0.0,11.881,2.970,85.149,0.0,0.0,0.0,276037632.0,270563840.0,810184704.0,48562356224.0,0.0,135168.0,6.400,0.0,8.0
1519587275.456,2.509,1.004,94.228,2.258,0.0,0.0,1.010,2.020,96.970,0.0,0.0,0.0,0.0,0.0,94.898,5.102,0.0,0.0,14.0,2.0,84.0,0.0,0.0,0.0,0.0,1.0,87.0,12.0,0.0,0.0,1.0,2.0,97.0,0.0,0.0,0.0,0.0,0.0,100.0,0.0,0.0,0.0,3.030,0.0,96.970,0.0,0.0,0.0,1.010,0.0,98.990,0.0,0.0,0.0,276037632.0,270561792.0,810221568.0,48564260864.0,0.0,118784.0,11.200,0.0,15.0
1519587276.456,2.736,1.741,94.776,0.746,0.0,0.0,0.990,1.980,96.040,0.990,0.0,0.0,0.0,1.980,94.059,3.960,0.0,0.0,0.0,1.0,99.0,0.0,0.0,0.0,11.881,4.950,80.198,2.970,0.0,0.0,0.0,1.010,98.990,0.0,0.0,0.0,1.0,2.0,97.0,0.0,0.0,0.0,4.040,0.0,95.960,0.0,0.0,0.0,1.980,0.990,97.030,0.0,0.0,0.0,276037632.0,270531072.0,810213376.0,48562356224.0,0.0,86016.0,6.800,0.0,10.0
1519587277.456,2.261,1.884,95.603,0.251,0.0,0.0,0.0,1.0,99.0,0.0,0.0,0.0,0.0,1.0,99.0,0.0,0.0,0.0,1.0,2.0,96.0,1.0,0.0,0.0,1.0,6.0,93.0,0.0,0.0,0.0,1.020,1.020,97.959,0.0,0.0,0.0,0.0,0.990,99.010,0.0,0.0,0.0,3.030,1.010,95.960,0.0,0.0,0.0,11.224,2.041,86.735,0.0,0.0,0.0,276037632.0,270561792.0,810225664.0,48562323456.0,4096.0,106496.0,1.200,1.0,23.0
1519587278.456,2.757,1.504,95.363,0.376,0.0,0.0,0.0,1.0,99.0,0.0,0.0,0.0,0.980,1.961,97.059,0.0,0.0,0.0,0.0,1.010,98.990,0.0,0.0,0.0,0.990,0.990,94.059,3.960,0.0,0.0,12.871,3.960,83.168,0.0,0.0,0.0,0.990,1.980,97.030,0.0,0.0,0.0,6.0,2.0,92.0,0.0,0.0,0.0,2.0,0.0,98.0,0.0,0.0,0.0,276037632.0,270561792.0,810225664.0,48562323456.0,0.0,114688.0,3.600,0.0,7.0
1519587279.456,2.757,1.003,96.241,0.0,0.0,0.0,0.0,0.0,100.0,0.0,0.0,0.0,1.010,0.0,98.990,0.0,0.0,0.0,0.0,1.0,99.0,0.0,0.0,0.0,13.131,2.020,84.848,0.0,0.0,0.0,1.010,2.020,96.970,0.0,0.0,0.0,0.0,0.0,100.0,0.0,0.0,0.0,4.040,1.010,94.949,0.0,0.0,0.0,2.0,1.0,97.0,0.0,0.0,0.0,276037632.0,270563840.0,810229760.0,48563527680.0,0.0,151552.0,6.800,0.0,8.0
1519587280.456,2.506,1.378,93.860,2.256,0.0,0.0,1.0,2.0,92.0,5.0,0.0,0.0,0.0,2.0,95.0,3.0,0.0,0.0,0.0,1.010,91.919,7.071,0.0,0.0,13.131,2.020,82.828,2.020,0.0,0.0,4.0,0.0,96.0,0.0,0.0,0.0,0.0,0.0,100.0,0.0,0.0,0.0,1.010,1.010,97.980,0.0,0.0,0.0,1.980,1.980,96.040,0.0,0.0,0.0,276037632.0,270572032.0,810258432.0,48563179520.0,0.0,118784.0,11.600,0.0,15.0
1519587281.456,2.503,1.252,96.120,0.125,0.0,0.0,1.010,1.010,97.980,0.0,0.0,0.0,0.0,1.0,99.0,0.0,0.0,0.0,0.990,0.990,98.020,0.0,0.0,0.0,0.0,1.0,98.0,1.0,0.0,0.0,4.0,2.0,94.0,0.0,0.0,0.0,0.0,1.0,99.0,0.0,0.0,0.0,13.131,4.040,82.828,0.0,0.0,0.0,0.0,0.0,100.0,0.0,0.0,0.0,276037632.0,270559744.0,810266624.0,48563941376.0,0.0,106496.0,20.0,0.0,10.0
1519587282.456,2.141,2.015,91.940,3.904,0.0,0.0,1.0,2.0,97.0,0.0,0.0,0.0,1.010,2.020,91.919,5.051,0.0,0.0,0.0,1.020,98.980,0.0,0.0,0.0,1.0,1.0,83.0,15.0,0.0,0.0,3.030,2.020,84.848,10.101,0.0,0.0,0.0,0.0,100.0,0.0,0.0,0.0,11.111,4.040,84.848,0.0,0.0,0.0,0.0,3.030,96.970,0.0,0.0,0.0,276037632.0,270567936.0,810266624.0,48561750016.0,0.0,16384.0,0.0,0.0,4.0
1519587283.456,2.381,1.378,95.739,0.501,0.0,0.0,0.0,0.0,100.0,0.0,0.0,0.0,13.0,3.0,84.0,0.0,0.0,0.0,0.0,1.0,99.0,0.0,0.0,0.0,1.0,3.0,92.0,4.0,0.0,0.0,0.0,2.0,98.0,0.0,0.0,0.0,1.010,0.0,98.990,0.0,0.0,0.0,3.960,0.990,95.050,0.0,0.0,0.0,0.0,1.980,98.020,0.0,0.0,0.0,276037632.0,270561792.0,810270720.0,48562765824.0,0.0,77824.0,4.0,0.0,7.0
1519587284.456,2.256,1.504,96.115,0.125,0.0,0.0,1.0,1.0,98.0,0.0,0.0,0.0,1.0,3.0,96.0,0.0,0.0,0.0,0.0,1.010,98.990,0.0,0.0,0.0,0.0,2.020,97.980,0.0,0.0,0.0,0.0,2.020,97.980,0.0,0.0,0.0,11.111,3.030,85.859,0.0,0.0,0.0,4.040,0.0,95.960,0.0,0.0,0.0,0.0,0.0,100.0,0.0,0.0,0.0,276037632.0,270561792.0,810274816.0,48562003968.0,0.0,159744.0,6.800,0.0,9.0
1519587285.456,2.010,1.508,94.472,2.010,0.0,0.0,0.0,1.0,99.0,0.0,0.0,0.0,0.0,2.020,93.939,4.040,0.0,0.0,0.0,0.0,100.0,0.0,0.0,0.0,1.0,2.0,84.0,13.0,0.0,0.0,1.0,0.0,99.0,0.0,0.0,0.0,11.881,3.960,84.158,0.0,0.0,0.0,2.041,0.0,97.959,0.0,0.0,0.0,0.0,2.0,98.0,0.0,0.0,0.0,276037632.0,270561792.0,810307584.0,48562638848.0,0.0,102400.0,10.0,0.0,14.0
1519587286.456,2.625,1.250,95.125,1.0,0.0,0.0,0.0,0.0,100.0,0.0,0.0,0.0,0.990,0.0,95.050,3.960,0.0,0.0,11.881,2.970,85.149,0.0,0.0,0.0,1.0,2.0,93.0,4.0,0.0,0.0,0.990,1.980,97.030,0.0,0.0,0.0,1.0,2.0,97.0,0.0,0.0,0.0,5.825,0.971,92.233,0.0,0.0,0.971,0.990,1.980,96.040,0.990,0.0,0.0,276037632.0,270561792.0,810307584.0,48562417664.0,0.0,94208.0,7.600,0.0,10.0
1519587287.456,2.503,2.003,95.494,0.0,0.0,0.0,0.0,1.0,99.0,0.0,0.0,0.0,2.041,2.041,95.918,0.0,0.0,0.0,0.0,1.0,99.0,0.0,0.0,0.0,11.0,5.0,84.0,0.0,0.0,0.0,4.040,0.0,95.960,0.0,0.0,0.0,1.0,2.0,97.0,0.0,0.0,0.0,0.0,1.010,98.990,0.0,0.0,0.0,0.0,3.030,96.970,0.0,0.0,0.0,276037632.0,270561792.0,810307584.0,48564703232.0,0.0,16384.0,0.0,0.0,4.0
1519587288.456,2.750,1.750,94.250,1.125,0.0,0.125,1.0,0.0,99.0,0.0,0.0,0.0,1.0,3.0,88.0,8.0,0.0,0.0,0.0,1.0,99.0,0.0,0.0,0.0,3.030,0.0,96.970,0.0,0.0,0.0,13.861,2.970,83.168,0.0,0.0,0.0,0.0,0.0,100.0,0.0,0.0,0.0,2.0,3.0,95.0,0.0,0.0,0.0,1.0,3.0,96.0,0.0,0.0,0.0,276037632.0,270563840.0,810303488.0,48562925568.0,0.0,77824.0,9.200,0.0,7.0
1519587289.456,3.011,1.129,95.483,0.376,0.0,0.0,1.0,1.0,98.0,0.0,0.0,0.0,1.0,1.0,98.0,0.0,0.0,0.0,0.990,2.970,96.040,0.0,0.0,0.0,2.0,1.0,97.0,0.0,0.0,0.0,8.0,0.0,92.0,0.0,0.0,0.0,0.0,2.0,95.0,3.0,0.0,0.0,12.0,2.0,86.0,0.0,0.0,0.0,0.0,0.0,100.0,0.0,0.0,0.0,276037632.0,270561792.0,810319872.0,48562163712.0,139264.0,159744.0,10.0,34.0,9.0
1519587290.456,2.256,1.378,94.486,1.880,0.0,0.0,1.0,1.0,98.0,0.0,0.0,0.0,0.0,0.0,88.0,12.0,0.0,0.0,11.0,3.0,86.0,0.0,0.0,0.0,0.0,3.030,93.939,3.030,0.0,0.0,5.0,0.0,95.0,0.0,0.0,0.0,2.020,2.020,95.960,0.0,0.0,0.0,0.0,1.961,98.039,0.0,0.0,0.0,0.0,0.0,100.0,0.0,0.0,0.0,276037632.0,270561792.0,810352640.0,48561782784.0,0.0,102400.0,17.600,0.0,14.0
1519587291.456,2.757,1.128,94.486,1.629,0.0,0.0,11.111,2.020,86.869,0.0,0.0,0.0,0.0,1.0,96.0,3.0,0.0,0.0,1.010,1.010,97.980,0.0,0.0,0.0,2.0,0.0,94.0,4.0,0.0,0.0,4.0,1.0,95.0,0.0,0.0,0.0,0.0,2.0,98.0,0.0,0.0,0.0,0.0,0.0,93.878,6.122,0.0,0.0,2.0,2.0,96.0,0.0,0.0,0.0,276037632.0,270561792.0,810348544.0,48562302976.0,0.0,90112.0,6.800,0.0,10.0
1519587292.456,2.387,1.759,95.854,0.0,0.0,0.0,0.990,1.980,97.030,0.0,0.0,0.0,0.0,0.0,100.0,0.0,0.0,0.0,1.010,2.020,96.970,0.0,0.0,0.0,2.0,3.0,95.0,0.0,0.0,0.0,1.010,1.010,97.980,0.0,0.0,0.0,1.0,2.0,97.0,0.0,0.0,0.0,14.141,3.030,82.828,0.0,0.0,0.0,0.0,1.980,98.020,0.0,0.0,0.0,276037632.0,270567936.0,810352640.0,48561848320.0,0.0,16384.0,0.0,0.0,4.0
1519587293.456,2.138,1.509,95.849,0.503,0.0,0.0,11.0,3.0,86.0,0.0,0.0,0.0,0.0,2.0,98.0,0.0,0.0,0.0,1.980,0.990,97.030,0.0,0.0,0.0,0.0,1.010,94.949,4.040,0.0,0.0,2.020,1.010,96.970,0.0,0.0,0.0,1.0,1.0,98.0,0.0,0.0,0.0,2.0,2.0,96.0,0.0,0.0,0.0,0.0,1.020,98.980,0.0,0.0,0.0,276037632.0,270572032.0,810352640.0,48561467392.0,0.0,77824.0,4.0,0.0,7.0
